sequence,camera,rgb_frame_index,rgb_timestamp_us,sidecar_frame_index,kp2d_row,kp3d_row,union_position,left_chosen,right_chosen,mapping_source,mapping_confidence,notes
p36-tea-0010,brics-odroid-001_cam0,0,1727030430679748,0,0,0,0,1,1,DIRECT_INDEX,high,rgb/2d/3d share one 0-based frame index; params and repro videos use union_position
p36-tea-0010,brics-odroid-001_cam0,15,1727030431179800,15,15,15,15,1,1,DIRECT_INDEX,high,rgb/2d/3d share one 0-based frame index; params and repro videos use union_position
p36-tea-0010,brics-odroid-001_cam0,30,1727030431679908,30,30,30,30,1,1,DIRECT_INDEX,high,rgb/2d/3d share one 0-based frame index; params and repro videos use union_position
p36-tea-0010,brics-odroid-001_cam0,45,1727030432179714,45,45,45,45,1,1,DIRECT_INDEX,high,rgb/2d/3d share one 0-based frame index; params and repro videos use union_position
p36-tea-0010,brics-odroid-001_cam0,60,1727030432679802,60,60,60,60,1,1,DIRECT_INDEX,high,rgb/2d/3d share one 0-based frame index; params and repro videos use union_position
p36-tea-0010,brics-odroid-001_cam0,75,1727030433179711,75,75,75,75,1,1,DIRECT_INDEX,high,rgb/2d/3d share one 0-based frame index; params and repro videos use union_position
p36-tea-0010,brics-odroid-001_cam0,90,1727030433680453,90,90,90,90,1,1,DIRECT_INDEX,high,rgb/2d/3d share one 0-based frame index; params and repro videos use union_position
p36-tea-0010,brics-odroid-001_cam0,105,1727030434179802,105,105,105,105,1,1,DIRECT_INDEX,high,rgb/2d/3d share one 0-based frame index; params and repro videos use union_position
p36-tea-0010,brics-odroid-001_cam0,120,1727030434675810,120,120,120,120,1,1,DIRECT_INDEX,high,rgb/2d/3d share one 0-based frame index; params and repro videos use union_position
p36-tea-0010,brics-odroid-001_cam0,135,1727030435175894,135,135,135,135,1,1,DIRECT_INDEX,high,rgb/2d/3d share one 0-based frame index; params and repro videos use union_position
p36-tea-0010,brics-odroid-001_cam0,150,1727030435675802,150,150,150,150,1,1,DIRECT_INDEX,high,rgb/2d/3d share one 0-based frame index; params and repro videos use union_position
p36-tea-0010,brics-odroid-001_cam0,165,1727030436175794,165,165,165,165,1,1,DIRECT_INDEX,high,rgb/2d/3d share one 0-based frame index; params and repro videos use union_position
p36-tea-0010,brics-odroid-001_cam0,180,1727030436675829,180,180,180,180,1,0,DIRECT_INDEX,high,rgb/2d/3d share one 0-based frame index; params and repro videos use union_position
p36-tea-0010,brics-odroid-001_cam0,195,1727030437175817,195,195,195,-1,0,0,DIRECT_INDEX,high,rgb/2d/3d share one 0-based frame index; params and repro videos use union_position
p36-tea-0010,brics-odroid-001_cam0,210,1727030437675810,210,210,210,-1,0,0,DIRECT_INDEX,high,rgb/2d/3d share one 0-based frame index; params and repro videos use union_position
p36-tea-0010,brics-odroid-001_cam0,225,1727030438175829,225,225,225,209,1,1,DIRECT_INDEX,high,rgb/2d/3d share one 0-based frame index; params and repro videos use union_position
p36-tea-0010,brics-odroid-001_cam0,240,1727030438675867,240,240,240,224,1,1,DIRECT_INDEX,high,rgb/2d/3d share one 0-based frame index; params and repro videos use union_position
p36-tea-0010,brics-odroid-001_cam0,255,1727030439175864,255,255,255,239,1,1,DIRECT_INDEX,high,rgb/2d/3d share one 0-based frame index; params and repro videos use union_position
p36-tea-0010,brics-odroid-001_cam0,270,1727030439675871,270,270,270,254,1,1,DIRECT_INDEX,high,rgb/2d/3d share one 0-based frame index; params and repro videos use union_position
p36-tea-0010,brics-odroid-001_cam0,285,1727030440175917,285,285,285,269,1,1,DIRECT_INDEX,high,rgb/2d/3d share one 0-based frame index; params and repro videos use union_position
p36-tea-0010,brics-odroid-001_cam0,300,1727030440675884,300,300,300,284,1,1,DIRECT_INDEX,high,rgb/2d/3d share one 0-based frame index; params and repro videos use union_position
p36-tea-0010,brics-odroid-001_cam0,315,1727030441175994,315,315,315,299,1,1,DIRECT_INDEX,high,rgb/2d/3d share one 0-based frame index; params and repro videos use union_position
p36-tea-0010,brics-odroid-001_cam0,330,1727030441675889,330,330,330,314,1,1,DIRECT_INDEX,high,rgb/2d/3d share one 0-based frame index; params and repro videos use union_position
p36-tea-0010,brics-odroid-001_cam0,345,1727030442175848,345,345,345,329,1,1,DIRECT_INDEX,high,rgb/2d/3d share one 0-based frame index; params and repro videos use union_position
p36-tea-0010,brics-odroid-001_cam0,360,1727030442675916,360,360,360,344,1,1,DIRECT_INDEX,high,rgb/2d/3d share one 0-based frame index; params and repro videos use union_position
p36-tea-0010,brics-odroid-001_cam0,375,1727030443175918,375,375,,-1,0,0,OUT_OF_3D_RANGE,n/a,rgb/2d/3d share one 0-based frame index; params and repro videos use union_position
p36-tea-0010,brics-odroid-001_cam1,0,1727030430684813,0,0,0,0,1,1,DIRECT_INDEX,high,rgb/2d/3d share one 0-based frame index; params and repro videos use union_position
p36-tea-0010,brics-odroid-001_cam1,15,1727030431184003,15,15,15,15,1,1,DIRECT_INDEX,high,rgb/2d/3d share one 0-based frame index; params and repro videos use union_position
p36-tea-0010,brics-odroid-001_cam1,30,1727030431685852,30,30,30,30,1,1,DIRECT_INDEX,high,rgb/2d/3d share one 0-based frame index; params and repro videos use union_position
p36-tea-0010,brics-odroid-001_cam1,45,1727030432183749,45,45,45,45,1,1,DIRECT_INDEX,high,rgb/2d/3d share one 0-based frame index; params and repro videos use union_position
p36-tea-0010,brics-odroid-001_cam1,60,1727030432684213,60,60,60,60,1,1,DIRECT_INDEX,high,rgb/2d/3d share one 0-based frame index; params and repro videos use union_position
p36-tea-0010,brics-odroid-001_cam1,75,1727030433184068,75,75,75,75,1,1,DIRECT_INDEX,high,rgb/2d/3d share one 0-based frame index; params and repro videos use union_position
p36-tea-0010,brics-odroid-001_cam1,90,1727030433685332,90,90,90,90,1,1,DIRECT_INDEX,high,rgb/2d/3d share one 0-based frame index; params and repro videos use union_position
p36-tea-0010,brics-odroid-001_cam1,105,1727030434183669,105,105,105,105,1,1,DIRECT_INDEX,high,rgb/2d/3d share one 0-based frame index; params and repro videos use union_position
p36-tea-0010,brics-odroid-001_cam1,120,1727030434683662,120,120,120,120,1,1,DIRECT_INDEX,high,rgb/2d/3d share one 0-based frame index; params and repro videos use union_position
p36-tea-0010,brics-odroid-001_cam1,135,1727030435183626,135,135,135,135,1,1,DIRECT_INDEX,high,rgb/2d/3d share one 0-based frame index; params and repro videos use union_position
p36-tea-0010,brics-odroid-001_cam1,150,1727030435683696,150,150,150,150,1,1,DIRECT_INDEX,high,rgb/2d/3d share one 0-based frame index; params and repro videos use union_position
p36-tea-0010,brics-odroid-001_cam1,165,1727030436183622,165,165,165,165,1,1,DIRECT_INDEX,high,rgb/2d/3d share one 0-based frame index; params and repro videos use union_position
p36-tea-0010,brics-odroid-001_cam1,180,1727030436683712,180,180,180,180,1,0,DIRECT_INDEX,high,rgb/2d/3d share one 0-based frame index; params and repro videos use union_position
p36-tea-0010,brics-odroid-001_cam1,195,1727030437183728,195,195,195,-1,0,0,DIRECT_INDEX,high,rgb/2d/3d share one 0-based frame index; params and repro videos use union_position
p36-tea-0010,brics-odroid-001_cam1,210,1727030437683716,210,210,210,-1,0,0,DIRECT_INDEX,high,rgb/2d/3d share one 0-based frame index; params and repro videos use union_position
p36-tea-0010,brics-odroid-001_cam1,225,1727030438183784,225,225,225,209,1,1,DIRECT_INDEX,high,rgb/2d/3d share one 0-based frame index; params and repro videos use union_position
p36-tea-0010,brics-odroid-001_cam1,240,1727030438683728,240,240,240,224,1,1,DIRECT_INDEX,high,rgb/2d/3d share one 0-based frame index; params and repro videos use union_position
p36-tea-0010,brics-odroid-001_cam1,255,1727030439183779,255,255,255,239,1,1,DIRECT_INDEX,high,rgb/2d/3d share one 0-based frame index; params and repro videos use union_position
p36-tea-0010,brics-odroid-001_cam1,270,1727030439683761,270,270,270,254,1,1,DIRECT_INDEX,high,rgb/2d/3d share one 0-based frame index; params and repro videos use union_position
p36-tea-0010,brics-odroid-001_cam1,285,1727030440183664,285,285,285,269,1,1,DIRECT_INDEX,high,rgb/2d/3d share one 0-based frame index; params and repro videos use union_position
p36-tea-0010,brics-odroid-001_cam1,300,1727030440683763,300,300,300,284,1,1,DIRECT_INDEX,high,rgb/2d/3d share one 0-based frame index; params and repro videos use union_position
p36-tea-0010,brics-odroid-001_cam1,315,1727030441183799,315,315,315,299,1,1,DIRECT_INDEX,high,rgb/2d/3d share one 0-based frame index; params and repro videos use union_position
p36-tea-0010,brics-odroid-001_cam1,330,1727030441683769,330,330,330,314,1,1,DIRECT_INDEX,high,rgb/2d/3d share one 0-based frame index; params and repro videos use union_position
p36-tea-0010,brics-odroid-001_cam1,345,1727030442183746,345,345,345,329,1,1,DIRECT_INDEX,high,rgb/2d/3d share one 0-based frame index; params and repro videos use union_position
p36-tea-0010,brics-odroid-001_cam1,360,1727030442683767,360,360,360,344,1,1,DIRECT_INDEX,high,rgb/2d/3d share one 0-based frame index; params and repro videos use union_position
p36-tea-0010,brics-odroid-001_cam1,375,1727030443183867,375,375,,-1,0,0,OUT_OF_3D_RANGE,n/a,rgb/2d/3d share one 0-based frame index; params and repro videos use union_position
p36-tea-0010,brics-odroid-002_cam0,0,1727030430685987,0,0,0,0,1,1,DIRECT_INDEX,high,rgb/2d/3d share one 0-based frame index; params and repro videos use union_position
p36-tea-0010,brics-odroid-002_cam0,15,1727030431185978,15,15,15,15,1,1,DIRECT_INDEX,high,rgb/2d/3d share one 0-based frame index; params and repro videos use union_position
p36-tea-0010,brics-odroid-002_cam0,30,1727030431686061,30,30,30,30,1,1,DIRECT_INDEX,high,rgb/2d/3d share one 0-based frame index; params and repro videos use union_position
p36-tea-0010,brics-odroid-002_cam0,45,1727030432186047,45,45,45,45,1,1,DIRECT_INDEX,high,rgb/2d/3d share one 0-based frame index; params and repro videos use union_position
p36-tea-0010,brics-odroid-002_cam0,60,1727030432686156,60,60,60,60,1,1,DIRECT_INDEX,high,rgb/2d/3d share one 0-based frame index; params and repro videos use union_position
p36-tea-0010,brics-odroid-002_cam0,75,1727030433186043,75,75,75,75,1,1,DIRECT_INDEX,high,rgb/2d/3d share one 0-based frame index; params and repro videos use union_position
p36-tea-0010,brics-odroid-002_cam0,90,1727030433686048,90,90,90,90,1,1,DIRECT_INDEX,high,rgb/2d/3d share one 0-based frame index; params and repro videos use union_position
p36-tea-0010,brics-odroid-002_cam0,105,1727030434182059,105,105,105,105,1,1,DIRECT_INDEX,high,rgb/2d/3d share one 0-based frame index; params and repro videos use union_position
p36-tea-0010,brics-odroid-002_cam0,120,1727030434682126,120,120,120,120,1,1,DIRECT_INDEX,high,rgb/2d/3d share one 0-based frame index; params and repro videos use union_position
p36-tea-0010,brics-odroid-002_cam0,135,1727030435182166,135,135,135,135,1,1,DIRECT_INDEX,high,rgb/2d/3d share one 0-based frame index; params and repro videos use union_position
p36-tea-0010,brics-odroid-002_cam0,150,1727030435685049,150,150,150,150,1,1,DIRECT_INDEX,high,rgb/2d/3d share one 0-based frame index; params and repro videos use union_position
p36-tea-0010,brics-odroid-002_cam0,165,1727030436182126,165,165,165,165,1,1,DIRECT_INDEX,high,rgb/2d/3d share one 0-based frame index; params and repro videos use union_position
p36-tea-0010,brics-odroid-002_cam0,180,1727030436686343,180,180,180,180,1,0,DIRECT_INDEX,high,rgb/2d/3d share one 0-based frame index; params and repro videos use union_position
p36-tea-0010,brics-odroid-002_cam0,195,1727030437182194,195,195,195,-1,0,0,DIRECT_INDEX,high,rgb/2d/3d share one 0-based frame index; params and repro videos use union_position
p36-tea-0010,brics-odroid-002_cam0,210,1727030437682173,210,210,210,-1,0,0,DIRECT_INDEX,high,rgb/2d/3d share one 0-based frame index; params and repro videos use union_position
p36-tea-0010,brics-odroid-002_cam0,225,1727030438182147,225,225,225,209,1,1,DIRECT_INDEX,high,rgb/2d/3d share one 0-based frame index; params and repro videos use union_position
p36-tea-0010,brics-odroid-002_cam0,240,1727030438682293,240,240,240,224,1,1,DIRECT_INDEX,high,rgb/2d/3d share one 0-based frame index; params and repro videos use union_position
p36-tea-0010,brics-odroid-002_cam0,255,1727030439182118,255,255,255,239,1,1,DIRECT_INDEX,high,rgb/2d/3d share one 0-based frame index; params and repro videos use union_position
p36-tea-0010,brics-odroid-002_cam0,270,1727030439682324,270,270,270,254,1,1,DIRECT_INDEX,high,rgb/2d/3d share one 0-based frame index; params and repro videos use union_position
p36-tea-0010,brics-odroid-002_cam0,285,1727030440182216,285,285,285,269,1,1,DIRECT_INDEX,high,rgb/2d/3d share one 0-based frame index; params and repro videos use union_position
p36-tea-0010,brics-odroid-002_cam0,300,1727030440682209,300,300,300,284,1,1,DIRECT_INDEX,high,rgb/2d/3d share one 0-based frame index; params and repro videos use union_position
p36-tea-0010,brics-odroid-002_cam0,315,1727030441182231,315,315,315,299,1,1,DIRECT_INDEX,high,rgb/2d/3d share one 0-based frame index; params and repro videos use union_position
p36-tea-0010,brics-odroid-002_cam0,330,1727030441682226,330,330,330,314,1,1,DIRECT_INDEX,high,rgb/2d/3d share one 0-based frame index; params and repro videos use union_position
p36-tea-0010,brics-odroid-002_cam0,345,1727030442182221,345,345,345,329,1,1,DIRECT_INDEX,high,rgb/2d/3d share one 0-based frame index; params and repro videos use union_position
p36-tea-0010,brics-odroid-002_cam0,360,1727030442682189,360,360,360,344,1,1,DIRECT_INDEX,high,rgb/2d/3d share one 0-based frame index; params and repro videos use union_position
p36-tea-0010,brics-odroid-002_cam0,375,1727030443182287,375,375,,-1,0,0,OUT_OF_3D_RANGE,n/a,rgb/2d/3d share one 0-based frame index; params and repro videos use union_position
p41-boxing-0021,brics-odroid-001_cam0,0,1726962101753779,0,0,0,0,1,1,DIRECT_INDEX,high,rgb/2d/3d share one 0-based frame index; params and repro videos use union_position
p41-boxing-0021,brics-odroid-001_cam0,14,1726962102221790,14,14,14,14,1,1,DIRECT_INDEX,high,rgb/2d/3d share one 0-based frame index; params and repro videos use union_position
p41-boxing-0021,brics-odroid-001_cam0,28,1726962102686608,28,28,28,28,1,1,DIRECT_INDEX,high,rgb/2d/3d share one 0-based frame index; params and repro videos use union_position
p41-boxing-0021,brics-odroid-001_cam0,42,1726962103153794,42,42,42,42,1,1,DIRECT_INDEX,high,rgb/2d/3d share one 0-based frame index; params and repro videos use union_position
p41-boxing-0021,brics-odroid-001_cam0,56,1726962103621797,56,56,56,56,1,1,DIRECT_INDEX,high,rgb/2d/3d share one 0-based frame index; params and repro videos use union_position
p41-boxing-0021,brics-odroid-001_cam0,70,1726962104085824,70,70,70,70,1,1,DIRECT_INDEX,high,rgb/2d/3d share one 0-based frame index; params and repro videos use union_position
p41-boxing-0021,brics-odroid-001_cam0,84,1726962104553721,84,84,84,84,1,1,DIRECT_INDEX,high,rgb/2d/3d share one 0-based frame index; params and repro videos use union_position
p41-boxing-0021,brics-odroid-001_cam0,98,1726962105021717,98,98,98,98,1,1,DIRECT_INDEX,high,rgb/2d/3d share one 0-based frame index; params and repro videos use union_position
p41-boxing-0021,brics-odroid-001_cam0,112,1726962105485690,112,112,112,112,1,1,DIRECT_INDEX,high,rgb/2d/3d share one 0-based frame index; params and repro videos use union_position
p41-boxing-0021,brics-odroid-001_cam0,126,1726962105955384,126,126,126,126,1,1,DIRECT_INDEX,high,rgb/2d/3d share one 0-based frame index; params and repro videos use union_position
p41-boxing-0021,brics-odroid-001_cam0,140,1726962106421878,140,140,140,140,1,1,DIRECT_INDEX,high,rgb/2d/3d share one 0-based frame index; params and repro videos use union_position
p41-boxing-0021,brics-odroid-001_cam0,154,1726962106885841,154,154,154,154,1,1,DIRECT_INDEX,high,rgb/2d/3d share one 0-based frame index; params and repro videos use union_position
p41-boxing-0021,brics-odroid-001_cam0,168,1726962107353781,168,168,168,168,1,1,DIRECT_INDEX,high,rgb/2d/3d share one 0-based frame index; params and repro videos use union_position
p41-boxing-0021,brics-odroid-001_cam0,182,1726962107821843,182,182,182,182,1,1,DIRECT_INDEX,high,rgb/2d/3d share one 0-based frame index; params and repro videos use union_position
p41-boxing-0021,brics-odroid-001_cam0,196,1726962108285712,196,196,196,196,1,1,DIRECT_INDEX,high,rgb/2d/3d share one 0-based frame index; params and repro videos use union_position
p41-boxing-0021,brics-odroid-001_cam0,210,1726962108756269,210,210,210,210,1,1,DIRECT_INDEX,high,rgb/2d/3d share one 0-based frame index; params and repro videos use union_position
p41-boxing-0021,brics-odroid-001_cam0,224,1726962109221792,224,224,224,224,1,1,DIRECT_INDEX,high,rgb/2d/3d share one 0-based frame index; params and repro videos use union_position
p41-boxing-0021,brics-odroid-001_cam0,238,1726962109685886,238,238,238,238,1,1,DIRECT_INDEX,high,rgb/2d/3d share one 0-based frame index; params and repro videos use union_position
p41-boxing-0021,brics-odroid-001_cam0,252,1726962110153823,252,252,252,252,1,1,DIRECT_INDEX,high,rgb/2d/3d share one 0-based frame index; params and repro videos use union_position
p41-boxing-0021,brics-odroid-001_cam0,266,1726962110617843,266,266,266,266,1,1,DIRECT_INDEX,high,rgb/2d/3d share one 0-based frame index; params and repro videos use union_position
p41-boxing-0021,brics-odroid-001_cam0,280,1726962111085888,280,280,280,280,1,1,DIRECT_INDEX,high,rgb/2d/3d share one 0-based frame index; params and repro videos use union_position
p41-boxing-0021,brics-odroid-001_cam0,294,1726962111553900,294,294,294,294,1,1,DIRECT_INDEX,high,rgb/2d/3d share one 0-based frame index; params and repro videos use union_position
p41-boxing-0021,brics-odroid-001_cam0,308,1726962112017948,308,308,308,308,1,1,DIRECT_INDEX,high,rgb/2d/3d share one 0-based frame index; params and repro videos use union_position
p41-boxing-0021,brics-odroid-001_cam0,322,1726962112485722,322,322,322,322,1,1,DIRECT_INDEX,high,rgb/2d/3d share one 0-based frame index; params and repro videos use union_position
p41-boxing-0021,brics-odroid-001_cam0,336,1726962112953862,336,336,336,336,1,1,DIRECT_INDEX,high,rgb/2d/3d share one 0-based frame index; params and repro videos use union_position
p41-boxing-0021,brics-odroid-001_cam0,350,1726962113418925,350,350,350,350,1,1,DIRECT_INDEX,high,rgb/2d/3d share one 0-based frame index; params and repro videos use union_position
p41-boxing-0021,brics-odroid-001_cam0,364,1726962113885923,364,364,,-1,0,0,OUT_OF_3D_RANGE,n/a,rgb/2d/3d share one 0-based frame index; params and repro videos use union_position
p41-boxing-0021,brics-odroid-001_cam1,0,1726962101745702,0,0,0,0,1,1,DIRECT_INDEX,high,rgb/2d/3d share one 0-based frame index; params and repro videos use union_position
p41-boxing-0021,brics-odroid-001_cam1,14,1726962102209623,14,14,14,14,1,1,DIRECT_INDEX,high,rgb/2d/3d share one 0-based frame index; params and repro videos use union_position
p41-boxing-0021,brics-odroid-001_cam1,28,1726962102677580,28,28,28,28,1,1,DIRECT_INDEX,high,rgb/2d/3d share one 0-based frame index; params and repro videos use union_position
p41-boxing-0021,brics-odroid-001_cam1,42,1726962103145594,42,42,42,42,1,1,DIRECT_INDEX,high,rgb/2d/3d share one 0-based frame index; params and repro videos use union_position
p41-boxing-0021,brics-odroid-001_cam1,56,1726962103609625,56,56,56,56,1,1,DIRECT_INDEX,high,rgb/2d/3d share one 0-based frame index; params and repro videos use union_position
p41-boxing-0021,brics-odroid-001_cam1,70,1726962104077817,70,70,70,70,1,1,DIRECT_INDEX,high,rgb/2d/3d share one 0-based frame index; params and repro videos use union_position
p41-boxing-0021,brics-odroid-001_cam1,84,1726962104546214,84,84,84,84,1,1,DIRECT_INDEX,high,rgb/2d/3d share one 0-based frame index; params and repro videos use union_position
p41-boxing-0021,brics-odroid-001_cam1,98,1726962105009703,98,98,98,98,1,1,DIRECT_INDEX,high,rgb/2d/3d share one 0-based frame index; params and repro videos use union_position
p41-boxing-0021,brics-odroid-001_cam1,112,1726962105477617,112,112,112,112,1,1,DIRECT_INDEX,high,rgb/2d/3d share one 0-based frame index; params and repro videos use union_position
p41-boxing-0021,brics-odroid-001_cam1,126,1726962105941930,126,126,126,126,1,1,DIRECT_INDEX,high,rgb/2d/3d share one 0-based frame index; params and repro videos use union_position
p41-boxing-0021,brics-odroid-001_cam1,140,1726962106411952,140,140,140,140,1,1,DIRECT_INDEX,high,rgb/2d/3d share one 0-based frame index; params and repro videos use union_position
p41-boxing-0021,brics-odroid-001_cam1,154,1726962106878293,154,154,154,154,1,1,DIRECT_INDEX,high,rgb/2d/3d share one 0-based frame index; params and repro videos use union_position
p41-boxing-0021,brics-odroid-001_cam1,168,1726962107341593,168,168,168,168,1,1,DIRECT_INDEX,high,rgb/2d/3d share one 0-based frame index; params and repro videos use union_position
p41-boxing-0021,brics-odroid-001_cam1,182,1726962107809764,182,182,182,182,1,1,DIRECT_INDEX,high,rgb/2d/3d share one 0-based frame index; params and repro videos use union_position
p41-boxing-0021,brics-odroid-001_cam1,196,1726962108278446,196,196,196,196,1,1,DIRECT_INDEX,high,rgb/2d/3d share one 0-based frame index; params and repro videos use union_position
p41-boxing-0021,brics-odroid-001_cam1,210,1726962108741669,210,210,210,210,1,1,DIRECT_INDEX,high,rgb/2d/3d share one 0-based frame index; params and repro videos use union_position
p41-boxing-0021,brics-odroid-001_cam1,224,1726962109210553,224,224,224,224,1,1,DIRECT_INDEX,high,rgb/2d/3d share one 0-based frame index; params and repro videos use union_position
p41-boxing-0021,brics-odroid-001_cam1,238,1726962109679456,238,238,238,238,1,1,DIRECT_INDEX,high,rgb/2d/3d share one 0-based frame index; params and repro videos use union_position
p41-boxing-0021,brics-odroid-001_cam1,252,1726962110141678,252,252,252,252,1,1,DIRECT_INDEX,high,rgb/2d/3d share one 0-based frame index; params and repro videos use union_position
p41-boxing-0021,brics-odroid-001_cam1,266,1726962110609677,266,266,266,266,1,1,DIRECT_INDEX,high,rgb/2d/3d share one 0-based frame index; params and repro videos use union_position
p41-boxing-0021,brics-odroid-001_cam1,280,1726962111077742,280,280,280,280,1,1,DIRECT_INDEX,high,rgb/2d/3d share one 0-based frame index; params and repro videos use union_position
p41-boxing-0021,brics-odroid-001_cam1,294,1726962111541710,294,294,294,294,1,1,DIRECT_INDEX,high,rgb/2d/3d share one 0-based frame index; params and repro videos use union_position
p41-boxing-0021,brics-odroid-001_cam1,308,1726962112009844,308,308,308,308,1,1,DIRECT_INDEX,high,rgb/2d/3d share one 0-based frame index; params and repro videos use union_position
p41-boxing-0021,brics-odroid-001_cam1,322,1726962112477799,322,322,322,322,1,1,DIRECT_INDEX,high,rgb/2d/3d share one 0-based frame index; params and repro videos use union_position
p41-boxing-0021,brics-odroid-001_cam1,336,1726962112941786,336,336,336,336,1,1,DIRECT_INDEX,high,rgb/2d/3d share one 0-based frame index; params and repro videos use union_position
p41-boxing-0021,brics-odroid-001_cam1,350,1726962113416380,350,350,350,350,1,1,DIRECT_INDEX,high,rgb/2d/3d share one 0-based frame index; params and repro videos use union_position
p41-boxing-0021,brics-odroid-001_cam1,364,1726962113877730,364,364,,-1,0,0,OUT_OF_3D_RANGE,n/a,rgb/2d/3d share one 0-based frame index; params and repro videos use union_position
p41-boxing-0021,brics-odroid-002_cam0,0,1726962101753219,0,0,0,0,1,1,DIRECT_INDEX,high,rgb/2d/3d share one 0-based frame index; params and repro videos use union_position
p41-boxing-0021,brics-odroid-002_cam0,14,1726962102217142,14,14,14,14,1,1,DIRECT_INDEX,high,rgb/2d/3d share one 0-based frame index; params and repro videos use union_position
p41-boxing-0021,brics-odroid-002_cam0,28,1726962102686604,28,28,28,28,1,1,DIRECT_INDEX,high,rgb/2d/3d share one 0-based frame index; params and repro videos use union_position
p41-boxing-0021,brics-odroid-002_cam0,42,1726962103153210,42,42,42,42,1,1,DIRECT_INDEX,high,rgb/2d/3d share one 0-based frame index; params and repro videos use union_position
p41-boxing-0021,brics-odroid-002_cam0,56,1726962103620714,56,56,56,56,1,1,DIRECT_INDEX,high,rgb/2d/3d share one 0-based frame index; params and repro videos use union_position
p41-boxing-0021,brics-odroid-002_cam0,70,1726962104085240,70,70,70,70,1,1,DIRECT_INDEX,high,rgb/2d/3d share one 0-based frame index; params and repro videos use union_position
p41-boxing-0021,brics-odroid-002_cam0,84,1726962104553256,84,84,84,84,1,1,DIRECT_INDEX,high,rgb/2d/3d share one 0-based frame index; params and repro videos use union_position
p41-boxing-0021,brics-odroid-002_cam0,98,1726962105017140,98,98,98,98,1,1,DIRECT_INDEX,high,rgb/2d/3d share one 0-based frame index; params and repro videos use union_position
p41-boxing-0021,brics-odroid-002_cam0,112,1726962105485212,112,112,112,112,1,1,DIRECT_INDEX,high,rgb/2d/3d share one 0-based frame index; params and repro videos use union_position
p41-boxing-0021,brics-odroid-002_cam0,126,1726962105953230,126,126,126,126,1,1,DIRECT_INDEX,high,rgb/2d/3d share one 0-based frame index; params and repro videos use union_position
p41-boxing-0021,brics-odroid-002_cam0,140,1726962106417283,140,140,140,140,1,1,DIRECT_INDEX,high,rgb/2d/3d share one 0-based frame index; params and repro videos use union_position
p41-boxing-0021,brics-odroid-002_cam0,154,1726962106885199,154,154,154,154,1,1,DIRECT_INDEX,high,rgb/2d/3d share one 0-based frame index; params and repro videos use union_position
p41-boxing-0021,brics-odroid-002_cam0,168,1726962107349249,168,168,168,168,1,1,DIRECT_INDEX,high,rgb/2d/3d share one 0-based frame index; params and repro videos use union_position
p41-boxing-0021,brics-odroid-002_cam0,182,1726962107817285,182,182,182,182,1,1,DIRECT_INDEX,high,rgb/2d/3d share one 0-based frame index; params and repro videos use union_position
p41-boxing-0021,brics-odroid-002_cam0,196,1726962108285220,196,196,196,196,1,1,DIRECT_INDEX,high,rgb/2d/3d share one 0-based frame index; params and repro videos use union_position
p41-boxing-0021,brics-odroid-002_cam0,210,1726962108749246,210,210,210,210,1,1,DIRECT_INDEX,high,rgb/2d/3d share one 0-based frame index; params and repro videos use union_position
p41-boxing-0021,brics-odroid-002_cam0,224,1726962109217320,224,224,224,224,1,1,DIRECT_INDEX,high,rgb/2d/3d share one 0-based frame index; params and repro videos use union_position
p41-boxing-0021,brics-odroid-002_cam0,238,1726962109685266,238,238,238,238,1,1,DIRECT_INDEX,high,rgb/2d/3d share one 0-based frame index; params and repro videos use union_position
p41-boxing-0021,brics-odroid-002_cam0,252,1726962110149277,252,252,252,252,1,1,DIRECT_INDEX,high,rgb/2d/3d share one 0-based frame index; params and repro videos use union_position
p41-boxing-0021,brics-odroid-002_cam0,266,1726962110617437,266,266,266,266,1,1,DIRECT_INDEX,high,rgb/2d/3d share one 0-based frame index; params and repro videos use union_position
p41-boxing-0021,brics-odroid-002_cam0,280,1726962111085291,280,280,280,280,1,1,DIRECT_INDEX,high,rgb/2d/3d share one 0-based frame index; params and repro videos use union_position
p41-boxing-0021,brics-odroid-002_cam0,294,1726962111550854,294,294,294,294,1,1,DIRECT_INDEX,high,rgb/2d/3d share one 0-based frame index; params and repro videos use union_position
p41-boxing-0021,brics-odroid-002_cam0,308,1726962112022366,308,308,308,308,1,1,DIRECT_INDEX,high,rgb/2d/3d share one 0-based frame index; params and repro videos use union_position
p41-boxing-0021,brics-odroid-002_cam0,322,1726962112486861,322,322,322,322,1,1,DIRECT_INDEX,high,rgb/2d/3d share one 0-based frame index; params and repro videos use union_position
p41-boxing-0021,brics-odroid-002_cam0,336,1726962112950669,336,336,336,336,1,1,DIRECT_INDEX,high,rgb/2d/3d share one 0-based frame index; params and repro videos use union_position
p41-boxing-0021,brics-odroid-002_cam0,350,1726962113417393,350,350,350,350,1,1,DIRECT_INDEX,high,rgb/2d/3d share one 0-based frame index; params and repro videos use union_position
p41-boxing-0021,brics-odroid-002_cam0,364,1726962113885337,364,364,,-1,0,0,OUT_OF_3D_RANGE,n/a,rgb/2d/3d share one 0-based frame index; params and repro videos use union_position
p41-plant-0004,brics-odroid-001_cam0,0,1726963265343019,0,0,0,0,1,1,DIRECT_INDEX,high,rgb/2d/3d share one 0-based frame index; params and repro videos use union_position
p41-plant-0004,brics-odroid-001_cam0,6,1726963265543047,6,6,6,6,1,1,DIRECT_INDEX,high,rgb/2d/3d share one 0-based frame index; params and repro videos use union_position
p41-plant-0004,brics-odroid-001_cam0,12,1726963265743046,12,12,12,12,1,1,DIRECT_INDEX,high,rgb/2d/3d share one 0-based frame index; params and repro videos use union_position
p41-plant-0004,brics-odroid-001_cam0,18,1726963265943048,18,18,18,18,1,1,DIRECT_INDEX,high,rgb/2d/3d share one 0-based frame index; params and repro videos use union_position
p41-plant-0004,brics-odroid-001_cam0,24,1726963266143050,24,24,24,24,1,1,DIRECT_INDEX,high,rgb/2d/3d share one 0-based frame index; params and repro videos use union_position
p41-plant-0004,brics-odroid-001_cam0,30,1726963266343074,30,30,30,30,1,1,DIRECT_INDEX,high,rgb/2d/3d share one 0-based frame index; params and repro videos use union_position
p41-plant-0004,brics-odroid-001_cam0,36,1726963266543055,36,36,36,36,1,1,DIRECT_INDEX,high,rgb/2d/3d share one 0-based frame index; params and repro videos use union_position
p41-plant-0004,brics-odroid-001_cam0,42,1726963266743079,42,42,42,42,1,1,DIRECT_INDEX,high,rgb/2d/3d share one 0-based frame index; params and repro videos use union_position
p41-plant-0004,brics-odroid-001_cam0,48,1726963266943083,48,48,48,48,1,1,DIRECT_INDEX,high,rgb/2d/3d share one 0-based frame index; params and repro videos use union_position
p41-plant-0004,brics-odroid-001_cam0,54,1726963267143029,54,54,54,54,1,1,DIRECT_INDEX,high,rgb/2d/3d share one 0-based frame index; params and repro videos use union_position
p41-plant-0004,brics-odroid-001_cam0,60,1726963267343095,60,60,60,60,1,1,DIRECT_INDEX,high,rgb/2d/3d share one 0-based frame index; params and repro videos use union_position
p41-plant-0004,brics-odroid-001_cam0,66,1726963267543094,66,66,66,66,1,1,DIRECT_INDEX,high,rgb/2d/3d share one 0-based frame index; params and repro videos use union_position
p41-plant-0004,brics-odroid-001_cam0,72,1726963267743097,72,72,72,72,1,1,DIRECT_INDEX,high,rgb/2d/3d share one 0-based frame index; params and repro videos use union_position
p41-plant-0004,brics-odroid-001_cam0,78,1726963267943102,78,78,78,78,1,1,DIRECT_INDEX,high,rgb/2d/3d share one 0-based frame index; params and repro videos use union_position
p41-plant-0004,brics-odroid-001_cam0,84,1726963268143116,84,84,84,84,1,1,DIRECT_INDEX,high,rgb/2d/3d share one 0-based frame index; params and repro videos use union_position
p41-plant-0004,brics-odroid-001_cam0,90,1726963268343121,90,90,90,90,1,1,DIRECT_INDEX,high,rgb/2d/3d share one 0-based frame index; params and repro videos use union_position
p41-plant-0004,brics-odroid-001_cam0,96,1726963268543096,96,96,96,96,1,1,DIRECT_INDEX,high,rgb/2d/3d share one 0-based frame index; params and repro videos use union_position
p41-plant-0004,brics-odroid-001_cam0,102,1726963268743100,102,102,102,102,1,1,DIRECT_INDEX,high,rgb/2d/3d share one 0-based frame index; params and repro videos use union_position
p41-plant-0004,brics-odroid-001_cam0,108,1726963268943117,108,108,108,108,1,1,DIRECT_INDEX,high,rgb/2d/3d share one 0-based frame index; params and repro videos use union_position
p41-plant-0004,brics-odroid-001_cam0,114,1726963269143111,114,114,114,114,1,1,DIRECT_INDEX,high,rgb/2d/3d share one 0-based frame index; params and repro videos use union_position
p41-plant-0004,brics-odroid-001_cam0,120,1726963269343105,120,120,120,120,1,1,DIRECT_INDEX,high,rgb/2d/3d share one 0-based frame index; params and repro videos use union_position
p41-plant-0004,brics-odroid-001_cam0,126,1726963269543101,126,126,126,126,1,1,DIRECT_INDEX,high,rgb/2d/3d share one 0-based frame index; params and repro videos use union_position
p41-plant-0004,brics-odroid-001_cam0,132,1726963269743126,132,132,132,132,1,1,DIRECT_INDEX,high,rgb/2d/3d share one 0-based frame index; params and repro videos use union_position
p41-plant-0004,brics-odroid-001_cam0,138,1726963269943136,138,138,138,138,1,1,DIRECT_INDEX,high,rgb/2d/3d share one 0-based frame index; params and repro videos use union_position
p41-plant-0004,brics-odroid-001_cam0,144,1726963270143139,144,144,144,144,1,1,DIRECT_INDEX,high,rgb/2d/3d share one 0-based frame index; params and repro videos use union_position
p41-plant-0004,brics-odroid-001_cam0,150,1726963270343137,150,150,150,150,1,1,DIRECT_INDEX,high,rgb/2d/3d share one 0-based frame index; params and repro videos use union_position
p41-plant-0004,brics-odroid-001_cam0,156,1726963270543144,156,156,156,156,1,1,DIRECT_INDEX,high,rgb/2d/3d share one 0-based frame index; params and repro videos use union_position
p41-plant-0004,brics-odroid-001_cam0,162,1726963270743135,162,162,162,162,1,1,DIRECT_INDEX,high,rgb/2d/3d share one 0-based frame index; params and repro videos use union_position
p41-plant-0004,brics-odroid-001_cam0,168,1726963270943158,168,168,168,168,1,1,DIRECT_INDEX,high,rgb/2d/3d share one 0-based frame index; params and repro videos use union_position
p41-plant-0004,brics-odroid-001_cam1,0,1726963265351667,0,0,0,0,1,1,DIRECT_INDEX,high,rgb/2d/3d share one 0-based frame index; params and repro videos use union_position
p41-plant-0004,brics-odroid-001_cam1,6,1726963265550966,6,6,6,6,1,1,DIRECT_INDEX,high,rgb/2d/3d share one 0-based frame index; params and repro videos use union_position
p41-plant-0004,brics-odroid-001_cam1,12,1726963265751167,12,12,12,12,1,1,DIRECT_INDEX,high,rgb/2d/3d share one 0-based frame index; params and repro videos use union_position
p41-plant-0004,brics-odroid-001_cam1,18,1726963265950957,18,18,18,18,1,1,DIRECT_INDEX,high,rgb/2d/3d share one 0-based frame index; params and repro videos use union_position
p41-plant-0004,brics-odroid-001_cam1,24,1726963266151165,24,24,24,24,1,1,DIRECT_INDEX,high,rgb/2d/3d share one 0-based frame index; params and repro videos use union_position
p41-plant-0004,brics-odroid-001_cam1,30,1726963266351160,30,30,30,30,1,1,DIRECT_INDEX,high,rgb/2d/3d share one 0-based frame index; params and repro videos use union_position
p41-plant-0004,brics-odroid-001_cam1,36,1726963266551174,36,36,36,36,1,1,DIRECT_INDEX,high,rgb/2d/3d share one 0-based frame index; params and repro videos use union_position
p41-plant-0004,brics-odroid-001_cam1,42,1726963266750992,42,42,42,42,1,1,DIRECT_INDEX,high,rgb/2d/3d share one 0-based frame index; params and repro videos use union_position
p41-plant-0004,brics-odroid-001_cam1,48,1726963266951017,48,48,48,48,1,1,DIRECT_INDEX,high,rgb/2d/3d share one 0-based frame index; params and repro videos use union_position
p41-plant-0004,brics-odroid-001_cam1,54,1726963267151102,54,54,54,54,1,1,DIRECT_INDEX,high,rgb/2d/3d share one 0-based frame index; params and repro videos use union_position
p41-plant-0004,brics-odroid-001_cam1,60,1726963267351677,60,60,60,60,1,1,DIRECT_INDEX,high,rgb/2d/3d share one 0-based frame index; params and repro videos use union_position
p41-plant-0004,brics-odroid-001_cam1,66,1726963267550992,66,66,66,66,1,1,DIRECT_INDEX,high,rgb/2d/3d share one 0-based frame index; params and repro videos use union_position
p41-plant-0004,brics-odroid-001_cam1,72,1726963267751648,72,72,72,72,1,1,DIRECT_INDEX,high,rgb/2d/3d share one 0-based frame index; params and repro videos use union_position
p41-plant-0004,brics-odroid-001_cam1,78,1726963267951007,78,78,78,78,1,1,DIRECT_INDEX,high,rgb/2d/3d share one 0-based frame index; params and repro videos use union_position
p41-plant-0004,brics-odroid-001_cam1,84,1726963268151086,84,84,84,84,1,1,DIRECT_INDEX,high,rgb/2d/3d share one 0-based frame index; params and repro videos use union_position
p41-plant-0004,brics-odroid-001_cam1,90,1726963268351077,90,90,90,90,1,1,DIRECT_INDEX,high,rgb/2d/3d share one 0-based frame index; params and repro videos use union_position
p41-plant-0004,brics-odroid-001_cam1,96,1726963268551024,96,96,96,96,1,1,DIRECT_INDEX,high,rgb/2d/3d share one 0-based frame index; params and repro videos use union_position
p41-plant-0004,brics-odroid-001_cam1,102,1726963268751204,102,102,102,102,1,1,DIRECT_INDEX,high,rgb/2d/3d share one 0-based frame index; params and repro videos use union_position
p41-plant-0004,brics-odroid-001_cam1,108,1726963268951019,108,108,108,108,1,1,DIRECT_INDEX,high,rgb/2d/3d share one 0-based frame index; params and repro videos use union_position
p41-plant-0004,brics-odroid-001_cam1,114,1726963269151229,114,114,114,114,1,1,DIRECT_INDEX,high,rgb/2d/3d share one 0-based frame index; params and repro videos use union_position
p41-plant-0004,brics-odroid-001_cam1,120,1726963269351233,120,120,120,120,1,1,DIRECT_INDEX,high,rgb/2d/3d share one 0-based frame index; params and repro videos use union_position
p41-plant-0004,brics-odroid-001_cam1,126,1726963269551078,126,126,126,126,1,1,DIRECT_INDEX,high,rgb/2d/3d share one 0-based frame index; params and repro videos use union_position
p41-plant-0004,brics-odroid-001_cam1,132,1726963269751047,132,132,132,132,1,1,DIRECT_INDEX,high,rgb/2d/3d share one 0-based frame index; params and repro videos use union_position
p41-plant-0004,brics-odroid-001_cam1,138,1726963269951221,138,138,138,138,1,1,DIRECT_INDEX,high,rgb/2d/3d share one 0-based frame index; params and repro videos use union_position
p41-plant-0004,brics-odroid-001_cam1,144,1726963270151234,144,144,144,144,1,1,DIRECT_INDEX,high,rgb/2d/3d share one 0-based frame index; params and repro videos use union_position
p41-plant-0004,brics-odroid-001_cam1,150,1726963270351593,150,150,150,150,1,1,DIRECT_INDEX,high,rgb/2d/3d share one 0-based frame index; params and repro videos use union_position
p41-plant-0004,brics-odroid-001_cam1,156,1726963270551427,156,156,156,156,1,1,DIRECT_INDEX,high,rgb/2d/3d share one 0-based frame index; params and repro videos use union_position
p41-plant-0004,brics-odroid-001_cam1,162,1726963270751230,162,162,162,162,1,1,DIRECT_INDEX,high,rgb/2d/3d share one 0-based frame index; params and repro videos use union_position
p41-plant-0004,brics-odroid-001_cam1,168,1726963270951046,168,168,168,168,1,1,DIRECT_INDEX,high,rgb/2d/3d share one 0-based frame index; params and repro videos use union_position
p41-plant-0004,brics-odroid-002_cam0,0,1726963265347102,0,0,0,0,1,1,DIRECT_INDEX,high,rgb/2d/3d share one 0-based frame index; params and repro videos use union_position
p41-plant-0004,brics-odroid-002_cam0,6,1726963265547120,6,6,6,6,1,1,DIRECT_INDEX,high,rgb/2d/3d share one 0-based frame index; params and repro videos use union_position
p41-plant-0004,brics-odroid-002_cam0,12,1726963265747067,12,12,12,12,1,1,DIRECT_INDEX,high,rgb/2d/3d share one 0-based frame index; params and repro videos use union_position
p41-plant-0004,brics-odroid-002_cam0,18,1726963265947064,18,18,18,18,1,1,DIRECT_INDEX,high,rgb/2d/3d share one 0-based frame index; params and repro videos use union_position
p41-plant-0004,brics-odroid-002_cam0,24,1726963266147115,24,24,24,24,1,1,DIRECT_INDEX,high,rgb/2d/3d share one 0-based frame index; params and repro videos use union_position
p41-plant-0004,brics-odroid-002_cam0,30,1726963266347193,30,30,30,30,1,1,DIRECT_INDEX,high,rgb/2d/3d share one 0-based frame index; params and repro videos use union_position
p41-plant-0004,brics-odroid-002_cam0,36,1726963266547130,36,36,36,36,1,1,DIRECT_INDEX,high,rgb/2d/3d share one 0-based frame index; params and repro videos use union_position
p41-plant-0004,brics-odroid-002_cam0,42,1726963266747134,42,42,42,42,1,1,DIRECT_INDEX,high,rgb/2d/3d share one 0-based frame index; params and repro videos use union_position
p41-plant-0004,brics-odroid-002_cam0,48,1726963266947081,48,48,48,48,1,1,DIRECT_INDEX,high,rgb/2d/3d share one 0-based frame index; params and repro videos use union_position
p41-plant-0004,brics-odroid-002_cam0,54,1726963267147202,54,54,54,54,1,1,DIRECT_INDEX,high,rgb/2d/3d share one 0-based frame index; params and repro videos use union_position
p41-plant-0004,brics-odroid-002_cam0,60,1726963267347161,60,60,60,60,1,1,DIRECT_INDEX,high,rgb/2d/3d share one 0-based frame index; params and repro videos use union_position
p41-plant-0004,brics-odroid-002_cam0,66,1726963267547164,66,66,66,66,1,1,DIRECT_INDEX,high,rgb/2d/3d share one 0-based frame index; params and repro videos use union_position
p41-plant-0004,brics-odroid-002_cam0,72,1726963267747155,72,72,72,72,1,1,DIRECT_INDEX,high,rgb/2d/3d share one 0-based frame index; params and repro videos use union_position
p41-plant-0004,brics-odroid-002_cam0,78,1726963267947105,78,78,78,78,1,1,DIRECT_INDEX,high,rgb/2d/3d share one 0-based frame index; params and repro videos use union_position
p41-plant-0004,brics-odroid-002_cam0,84,1726963268147154,84,84,84,84,1,1,DIRECT_INDEX,high,rgb/2d/3d share one 0-based frame index; params and repro videos use union_position
p41-plant-0004,brics-odroid-002_cam0,90,1726963268347159,90,90,90,90,1,1,DIRECT_INDEX,high,rgb/2d/3d share one 0-based frame index; params and repro videos use union_position
p41-plant-0004,brics-odroid-002_cam0,96,1726963268547161,96,96,96,96,1,1,DIRECT_INDEX,high,rgb/2d/3d share one 0-based frame index; params and repro videos use union_position
p41-plant-0004,brics-odroid-002_cam0,102,1726963268747189,102,102,102,102,1,1,DIRECT_INDEX,high,rgb/2d/3d share one 0-based frame index; params and repro videos use union_position
p41-plant-0004,brics-odroid-002_cam0,108,1726963268947178,108,108,108,108,1,1,DIRECT_INDEX,high,rgb/2d/3d share one 0-based frame index; params and repro videos use union_position
p41-plant-0004,brics-odroid-002_cam0,114,1726963269147182,114,114,114,114,1,1,DIRECT_INDEX,high,rgb/2d/3d share one 0-based frame index; params and repro videos use union_position
p41-plant-0004,brics-odroid-002_cam0,120,1726963269347271,120,120,120,120,1,1,DIRECT_INDEX,high,rgb/2d/3d share one 0-based frame index; params and repro videos use union_position
p41-plant-0004,brics-odroid-002_cam0,126,1726963269547193,126,126,126,126,1,1,DIRECT_INDEX,high,rgb/2d/3d share one 0-based frame index; params and repro videos use union_position
p41-plant-0004,brics-odroid-002_cam0,132,1726963269747479,132,132,132,132,1,1,DIRECT_INDEX,high,rgb/2d/3d share one 0-based frame index; params and repro videos use union_position
p41-plant-0004,brics-odroid-002_cam0,138,1726963269947197,138,138,138,138,1,1,DIRECT_INDEX,high,rgb/2d/3d share one 0-based frame index; params and repro videos use union_position
p41-plant-0004,brics-odroid-002_cam0,144,1726963270147203,144,144,144,144,1,1,DIRECT_INDEX,high,rgb/2d/3d share one 0-based frame index; params and repro videos use union_position
p41-plant-0004,brics-odroid-002_cam0,150,1726963270347196,150,150,150,150,1,1,DIRECT_INDEX,high,rgb/2d/3d share one 0-based frame index; params and repro videos use union_position
p41-plant-0004,brics-odroid-002_cam0,156,1726963270547194,156,156,156,156,1,1,DIRECT_INDEX,high,rgb/2d/3d share one 0-based frame index; params and repro videos use union_position
p41-plant-0004,brics-odroid-002_cam0,162,1726963270747201,162,162,162,162,1,1,DIRECT_INDEX,high,rgb/2d/3d share one 0-based frame index; params and repro videos use union_position
p41-plant-0004,brics-odroid-002_cam0,168,1726963270947255,168,168,168,168,1,1,DIRECT_INDEX,high,rgb/2d/3d share one 0-based frame index; params and repro videos use union_position
p44-dog-0004,brics-odroid-001_cam0,0,1725202053179072,0,0,0,0,1,1,DIRECT_INDEX,high,rgb/2d/3d share one 0-based frame index; params and repro videos use union_position
p44-dog-0004,brics-odroid-001_cam0,13,1725202053611055,13,13,13,13,1,1,DIRECT_INDEX,high,rgb/2d/3d share one 0-based frame index; params and repro videos use union_position
p44-dog-0004,brics-odroid-001_cam0,26,1725202054047015,26,26,26,26,1,1,DIRECT_INDEX,high,rgb/2d/3d share one 0-based frame index; params and repro videos use union_position
p44-dog-0004,brics-odroid-001_cam0,39,1725202054479169,39,39,39,39,1,1,DIRECT_INDEX,high,rgb/2d/3d share one 0-based frame index; params and repro videos use union_position
p44-dog-0004,brics-odroid-001_cam0,52,1725202054911125,52,52,52,52,1,1,DIRECT_INDEX,high,rgb/2d/3d share one 0-based frame index; params and repro videos use union_position
p44-dog-0004,brics-odroid-001_cam0,65,1725202055347068,65,65,65,65,1,1,DIRECT_INDEX,high,rgb/2d/3d share one 0-based frame index; params and repro videos use union_position
p44-dog-0004,brics-odroid-001_cam0,78,1725202055779085,78,78,78,78,1,1,DIRECT_INDEX,high,rgb/2d/3d share one 0-based frame index; params and repro videos use union_position
p44-dog-0004,brics-odroid-001_cam0,91,1725202056210931,91,91,91,91,1,1,DIRECT_INDEX,high,rgb/2d/3d share one 0-based frame index; params and repro videos use union_position
p44-dog-0004,brics-odroid-001_cam0,104,1725202056647028,104,104,104,104,1,1,DIRECT_INDEX,high,rgb/2d/3d share one 0-based frame index; params and repro videos use union_position
p44-dog-0004,brics-odroid-001_cam0,117,1725202057079100,117,117,117,117,1,1,DIRECT_INDEX,high,rgb/2d/3d share one 0-based frame index; params and repro videos use union_position
p44-dog-0004,brics-odroid-001_cam0,130,1725202057511260,130,130,130,130,1,1,DIRECT_INDEX,high,rgb/2d/3d share one 0-based frame index; params and repro videos use union_position
p44-dog-0004,brics-odroid-001_cam0,143,1725202057948279,143,143,143,143,1,1,DIRECT_INDEX,high,rgb/2d/3d share one 0-based frame index; params and repro videos use union_position
p44-dog-0004,brics-odroid-001_cam0,156,1725202058379123,156,156,156,156,1,1,DIRECT_INDEX,high,rgb/2d/3d share one 0-based frame index; params and repro videos use union_position
p44-dog-0004,brics-odroid-001_cam0,169,1725202058811266,169,169,169,169,1,1,DIRECT_INDEX,high,rgb/2d/3d share one 0-based frame index; params and repro videos use union_position
p44-dog-0004,brics-odroid-001_cam0,182,1725202059243152,182,182,182,182,1,1,DIRECT_INDEX,high,rgb/2d/3d share one 0-based frame index; params and repro videos use union_position
p44-dog-0004,brics-odroid-001_cam0,195,1725202059679122,195,195,195,195,1,1,DIRECT_INDEX,high,rgb/2d/3d share one 0-based frame index; params and repro videos use union_position
p44-dog-0004,brics-odroid-001_cam0,208,1725202060112118,208,208,208,208,1,1,DIRECT_INDEX,high,rgb/2d/3d share one 0-based frame index; params and repro videos use union_position
p44-dog-0004,brics-odroid-001_cam0,221,1725202060543183,221,221,221,221,1,1,DIRECT_INDEX,high,rgb/2d/3d share one 0-based frame index; params and repro videos use union_position
p44-dog-0004,brics-odroid-001_cam0,234,1725202060979140,234,234,234,234,1,1,DIRECT_INDEX,high,rgb/2d/3d share one 0-based frame index; params and repro videos use union_position
p44-dog-0004,brics-odroid-001_cam0,247,1725202061411174,247,247,247,247,1,1,DIRECT_INDEX,high,rgb/2d/3d share one 0-based frame index; params and repro videos use union_position
p44-dog-0004,brics-odroid-001_cam0,260,1725202061843170,260,260,260,260,1,1,DIRECT_INDEX,high,rgb/2d/3d share one 0-based frame index; params and repro videos use union_position
p44-dog-0004,brics-odroid-001_cam0,273,1725202062279167,273,273,273,273,1,1,DIRECT_INDEX,high,rgb/2d/3d share one 0-based frame index; params and repro videos use union_position
p44-dog-0004,brics-odroid-001_cam0,286,1725202062711101,286,286,286,286,1,1,DIRECT_INDEX,high,rgb/2d/3d share one 0-based frame index; params and repro videos use union_position
p44-dog-0004,brics-odroid-001_cam0,299,1725202063143189,299,299,299,299,1,1,DIRECT_INDEX,high,rgb/2d/3d share one 0-based frame index; params and repro videos use union_position
p44-dog-0004,brics-odroid-001_cam0,312,1725202063579103,312,312,312,312,1,1,DIRECT_INDEX,high,rgb/2d/3d share one 0-based frame index; params and repro videos use union_position
p44-dog-0004,brics-odroid-001_cam0,325,1725202064012094,325,325,325,325,1,1,DIRECT_INDEX,high,rgb/2d/3d share one 0-based frame index; params and repro videos use union_position
p44-dog-0004,brics-odroid-001_cam1,0,1725202053174870,0,0,0,0,1,1,DIRECT_INDEX,high,rgb/2d/3d share one 0-based frame index; params and repro videos use union_position
p44-dog-0004,brics-odroid-001_cam1,13,1725202053606858,13,13,13,13,1,1,DIRECT_INDEX,high,rgb/2d/3d share one 0-based frame index; params and repro videos use union_position
p44-dog-0004,brics-odroid-001_cam1,26,1725202054038878,26,26,26,26,1,1,DIRECT_INDEX,high,rgb/2d/3d share one 0-based frame index; params and repro videos use union_position
p44-dog-0004,brics-odroid-001_cam1,39,1725202054475195,39,39,39,39,1,1,DIRECT_INDEX,high,rgb/2d/3d share one 0-based frame index; params and repro videos use union_position
p44-dog-0004,brics-odroid-001_cam1,52,1725202054906874,52,52,52,52,1,1,DIRECT_INDEX,high,rgb/2d/3d share one 0-based frame index; params and repro videos use union_position
p44-dog-0004,brics-odroid-001_cam1,65,1725202055338889,65,65,65,65,1,1,DIRECT_INDEX,high,rgb/2d/3d share one 0-based frame index; params and repro videos use union_position
p44-dog-0004,brics-odroid-001_cam1,78,1725202055774878,78,78,78,78,1,1,DIRECT_INDEX,high,rgb/2d/3d share one 0-based frame index; params and repro videos use union_position
p44-dog-0004,brics-odroid-001_cam1,91,1725202056206901,91,91,91,91,1,1,DIRECT_INDEX,high,rgb/2d/3d share one 0-based frame index; params and repro videos use union_position
p44-dog-0004,brics-odroid-001_cam1,104,1725202056638907,104,104,104,104,1,1,DIRECT_INDEX,high,rgb/2d/3d share one 0-based frame index; params and repro videos use union_position
p44-dog-0004,brics-odroid-001_cam1,117,1725202057074905,117,117,117,117,1,1,DIRECT_INDEX,high,rgb/2d/3d share one 0-based frame index; params and repro videos use union_position
p44-dog-0004,brics-odroid-001_cam1,130,1725202057507136,130,130,130,130,1,1,DIRECT_INDEX,high,rgb/2d/3d share one 0-based frame index; params and repro videos use union_position
p44-dog-0004,brics-odroid-001_cam1,143,1725202057938987,143,143,143,143,1,1,DIRECT_INDEX,high,rgb/2d/3d share one 0-based frame index; params and repro videos use union_position
p44-dog-0004,brics-odroid-001_cam1,156,1725202058374961,156,156,156,156,1,1,DIRECT_INDEX,high,rgb/2d/3d share one 0-based frame index; params and repro videos use union_position
p44-dog-0004,brics-odroid-001_cam1,169,1725202058807127,169,169,169,169,1,1,DIRECT_INDEX,high,rgb/2d/3d share one 0-based frame index; params and repro videos use union_position
p44-dog-0004,brics-odroid-001_cam1,182,1725202059238940,182,182,182,182,1,1,DIRECT_INDEX,high,rgb/2d/3d share one 0-based frame index; params and repro videos use union_position
p44-dog-0004,brics-odroid-001_cam1,195,1725202059674964,195,195,195,195,1,1,DIRECT_INDEX,high,rgb/2d/3d share one 0-based frame index; params and repro videos use union_position
p44-dog-0004,brics-odroid-001_cam1,208,1725202060108338,208,208,208,208,1,1,DIRECT_INDEX,high,rgb/2d/3d share one 0-based frame index; params and repro videos use union_position
p44-dog-0004,brics-odroid-001_cam1,221,1725202060538982,221,221,221,221,1,1,DIRECT_INDEX,high,rgb/2d/3d share one 0-based frame index; params and repro videos use union_position
p44-dog-0004,brics-odroid-001_cam1,234,1725202060974979,234,234,234,234,1,1,DIRECT_INDEX,high,rgb/2d/3d share one 0-based frame index; params and repro videos use union_position
p44-dog-0004,brics-odroid-001_cam1,247,1725202061406968,247,247,247,247,1,1,DIRECT_INDEX,high,rgb/2d/3d share one 0-based frame index; params and repro videos use union_position
p44-dog-0004,brics-odroid-001_cam1,260,1725202061838950,260,260,260,260,1,1,DIRECT_INDEX,high,rgb/2d/3d share one 0-based frame index; params and repro videos use union_position
p44-dog-0004,brics-odroid-001_cam1,273,1725202062270982,273,273,273,273,1,1,DIRECT_INDEX,high,rgb/2d/3d share one 0-based frame index; params and repro videos use union_position
p44-dog-0004,brics-odroid-001_cam1,286,1725202062706974,286,286,286,286,1,1,DIRECT_INDEX,high,rgb/2d/3d share one 0-based frame index; params and repro videos use union_position
p44-dog-0004,brics-odroid-001_cam1,299,1725202063138992,299,299,299,299,1,1,DIRECT_INDEX,high,rgb/2d/3d share one 0-based frame index; params and repro videos use union_position
p44-dog-0004,brics-odroid-001_cam1,312,1725202063571001,312,312,312,312,1,1,DIRECT_INDEX,high,rgb/2d/3d share one 0-based frame index; params and repro videos use union_position
p44-dog-0004,brics-odroid-001_cam1,325,1725202064007670,325,325,325,325,1,1,DIRECT_INDEX,high,rgb/2d/3d share one 0-based frame index; params and repro videos use union_position
p44-dog-0004,brics-odroid-002_cam0,0,1725202053176070,0,0,0,0,1,1,DIRECT_INDEX,high,rgb/2d/3d share one 0-based frame index; params and repro videos use union_position
p44-dog-0004,brics-odroid-002_cam0,13,1725202053612047,13,13,13,13,1,1,DIRECT_INDEX,high,rgb/2d/3d share one 0-based frame index; params and repro videos use union_position
p44-dog-0004,brics-odroid-002_cam0,26,1725202054044042,26,26,26,26,1,1,DIRECT_INDEX,high,rgb/2d/3d share one 0-based frame index; params and repro videos use union_position
p44-dog-0004,brics-odroid-002_cam0,39,1725202054476138,39,39,39,39,1,1,DIRECT_INDEX,high,rgb/2d/3d share one 0-based frame index; params and repro videos use union_position
p44-dog-0004,brics-odroid-002_cam0,52,1725202054911997,52,52,52,52,1,1,DIRECT_INDEX,high,rgb/2d/3d share one 0-based frame index; params and repro videos use union_position
p44-dog-0004,brics-odroid-002_cam0,65,1725202055344413,65,65,65,65,1,1,DIRECT_INDEX,high,rgb/2d/3d share one 0-based frame index; params and repro videos use union_position
p44-dog-0004,brics-odroid-002_cam0,78,1725202055776074,78,78,78,78,1,1,DIRECT_INDEX,high,rgb/2d/3d share one 0-based frame index; params and repro videos use union_position
p44-dog-0004,brics-odroid-002_cam0,91,1725202056212069,91,91,91,91,1,1,DIRECT_INDEX,high,rgb/2d/3d share one 0-based frame index; params and repro videos use union_position
p44-dog-0004,brics-odroid-002_cam0,104,1725202056644413,104,104,104,104,1,1,DIRECT_INDEX,high,rgb/2d/3d share one 0-based frame index; params and repro videos use union_position
p44-dog-0004,brics-odroid-002_cam0,117,1725202057076108,117,117,117,117,1,1,DIRECT_INDEX,high,rgb/2d/3d share one 0-based frame index; params and repro videos use union_position
p44-dog-0004,brics-odroid-002_cam0,130,1725202057512100,130,130,130,130,1,1,DIRECT_INDEX,high,rgb/2d/3d share one 0-based frame index; params and repro videos use union_position
p44-dog-0004,brics-odroid-002_cam0,143,1725202057944119,143,143,143,143,1,1,DIRECT_INDEX,high,rgb/2d/3d share one 0-based frame index; params and repro videos use union_position
p44-dog-0004,brics-odroid-002_cam0,156,1725202058376151,156,156,156,156,1,1,DIRECT_INDEX,high,rgb/2d/3d share one 0-based frame index; params and repro videos use union_position
p44-dog-0004,brics-odroid-002_cam0,169,1725202058812141,169,169,169,169,1,1,DIRECT_INDEX,high,rgb/2d/3d share one 0-based frame index; params and repro videos use union_position
p44-dog-0004,brics-odroid-002_cam0,182,1725202059244171,182,182,182,182,1,1,DIRECT_INDEX,high,rgb/2d/3d share one 0-based frame index; params and repro videos use union_position
p44-dog-0004,brics-odroid-002_cam0,195,1725202059676143,195,195,195,195,1,1,DIRECT_INDEX,high,rgb/2d/3d share one 0-based frame index; params and repro videos use union_position
p44-dog-0004,brics-odroid-002_cam0,208,1725202060108409,208,208,208,208,1,1,DIRECT_INDEX,high,rgb/2d/3d share one 0-based frame index; params and repro videos use union_position
p44-dog-0004,brics-odroid-002_cam0,221,1725202060544134,221,221,221,221,1,1,DIRECT_INDEX,high,rgb/2d/3d share one 0-based frame index; params and repro videos use union_position
p44-dog-0004,brics-odroid-002_cam0,234,1725202060976109,234,234,234,234,1,1,DIRECT_INDEX,high,rgb/2d/3d share one 0-based frame index; params and repro videos use union_position
p44-dog-0004,brics-odroid-002_cam0,247,1725202061408141,247,247,247,247,1,1,DIRECT_INDEX,high,rgb/2d/3d share one 0-based frame index; params and repro videos use union_position
p44-dog-0004,brics-odroid-002_cam0,260,1725202061844114,260,260,260,260,1,1,DIRECT_INDEX,high,rgb/2d/3d share one 0-based frame index; params and repro videos use union_position
p44-dog-0004,brics-odroid-002_cam0,273,1725202062276201,273,273,273,273,1,1,DIRECT_INDEX,high,rgb/2d/3d share one 0-based frame index; params and repro videos use union_position
p44-dog-0004,brics-odroid-002_cam0,286,1725202062708102,286,286,286,286,1,1,DIRECT_INDEX,high,rgb/2d/3d share one 0-based frame index; params and repro videos use union_position
p44-dog-0004,brics-odroid-002_cam0,299,1725202063144163,299,299,299,299,1,1,DIRECT_INDEX,high,rgb/2d/3d share one 0-based frame index; params and repro videos use union_position
p44-dog-0004,brics-odroid-002_cam0,312,1725202063576152,312,312,312,312,1,1,DIRECT_INDEX,high,rgb/2d/3d share one 0-based frame index; params and repro videos use union_position
p44-dog-0004,brics-odroid-002_cam0,325,1725202064008195,325,325,325,325,1,1,DIRECT_INDEX,high,rgb/2d/3d share one 0-based frame index; params and repro videos use union_position
p52-instrument-0034,brics-odroid-002_cam0,0,1726248075901718,0,0,0,0,1,1,DIRECT_INDEX,high,rgb/2d/3d share one 0-based frame index; params and repro videos use union_position
p52-instrument-0034,brics-odroid-002_cam0,5,1726248076065732,5,5,5,5,1,1,DIRECT_INDEX,high,rgb/2d/3d share one 0-based frame index; params and repro videos use union_position
p52-instrument-0034,brics-odroid-002_cam0,10,1726248076233735,10,10,10,10,1,1,DIRECT_INDEX,high,rgb/2d/3d share one 0-based frame index; params and repro videos use union_position
p52-instrument-0034,brics-odroid-002_cam0,15,1726248076401736,15,15,15,15,1,1,DIRECT_INDEX,high,rgb/2d/3d share one 0-based frame index; params and repro videos use union_position
p52-instrument-0034,brics-odroid-002_cam0,20,1726248076565690,20,20,20,20,1,1,DIRECT_INDEX,high,rgb/2d/3d share one 0-based frame index; params and repro videos use union_position
p52-instrument-0034,brics-odroid-002_cam0,25,1726248076733701,25,25,25,25,1,1,DIRECT_INDEX,high,rgb/2d/3d share one 0-based frame index; params and repro videos use union_position
p52-instrument-0034,brics-odroid-002_cam0,30,1726248076901690,30,30,30,30,1,1,DIRECT_INDEX,high,rgb/2d/3d share one 0-based frame index; params and repro videos use union_position
p52-instrument-0034,brics-odroid-002_cam0,35,1726248077070651,35,35,35,35,1,1,DIRECT_INDEX,high,rgb/2d/3d share one 0-based frame index; params and repro videos use union_position
p52-instrument-0034,brics-odroid-002_cam0,40,1726248077233748,40,40,40,40,1,1,DIRECT_INDEX,high,rgb/2d/3d share one 0-based frame index; params and repro videos use union_position
p52-instrument-0034,brics-odroid-002_cam0,45,1726248077401812,45,45,45,45,1,1,DIRECT_INDEX,high,rgb/2d/3d share one 0-based frame index; params and repro videos use union_position
p52-instrument-0034,brics-odroid-002_cam0,50,1726248077565718,50,50,50,50,1,1,DIRECT_INDEX,high,rgb/2d/3d share one 0-based frame index; params and repro videos use union_position
p52-instrument-0034,brics-odroid-002_cam0,55,1726248077733788,55,55,55,55,1,1,DIRECT_INDEX,high,rgb/2d/3d share one 0-based frame index; params and repro videos use union_position
p52-instrument-0034,brics-odroid-002_cam0,60,1726248077901739,60,60,60,60,1,1,DIRECT_INDEX,high,rgb/2d/3d share one 0-based frame index; params and repro videos use union_position
p52-instrument-0034,brics-odroid-002_cam0,65,1726248078065769,65,65,65,65,1,1,DIRECT_INDEX,high,rgb/2d/3d share one 0-based frame index; params and repro videos use union_position
p52-instrument-0034,brics-odroid-002_cam0,70,1726248078233761,70,70,70,70,1,1,DIRECT_INDEX,high,rgb/2d/3d share one 0-based frame index; params and repro videos use union_position
p52-instrument-0034,brics-odroid-002_cam0,75,1726248078401800,75,75,75,75,1,1,DIRECT_INDEX,high,rgb/2d/3d share one 0-based frame index; params and repro videos use union_position
p52-instrument-0034,brics-odroid-002_cam0,80,1726248078565779,80,80,80,80,1,1,DIRECT_INDEX,high,rgb/2d/3d share one 0-based frame index; params and repro videos use union_position
p52-instrument-0034,brics-odroid-002_cam0,85,1726248078733781,85,85,85,85,1,1,DIRECT_INDEX,high,rgb/2d/3d share one 0-based frame index; params and repro videos use union_position
p52-instrument-0034,brics-odroid-002_cam0,90,1726248078901771,90,90,90,90,1,1,DIRECT_INDEX,high,rgb/2d/3d share one 0-based frame index; params and repro videos use union_position
p52-instrument-0034,brics-odroid-002_cam0,95,1726248079065800,95,95,95,95,1,1,DIRECT_INDEX,high,rgb/2d/3d share one 0-based frame index; params and repro videos use union_position
p52-instrument-0034,brics-odroid-002_cam0,100,1726248079233768,100,100,100,100,1,1,DIRECT_INDEX,high,rgb/2d/3d share one 0-based frame index; params and repro videos use union_position
p52-instrument-0034,brics-odroid-002_cam0,105,1726248079401795,105,105,105,105,1,1,DIRECT_INDEX,high,rgb/2d/3d share one 0-based frame index; params and repro videos use union_position
p52-instrument-0034,brics-odroid-002_cam0,110,1726248079565806,110,110,110,110,1,1,DIRECT_INDEX,high,rgb/2d/3d share one 0-based frame index; params and repro videos use union_position
p52-instrument-0034,brics-odroid-002_cam0,115,1726248079733778,115,115,115,115,1,1,DIRECT_INDEX,high,rgb/2d/3d share one 0-based frame index; params and repro videos use union_position
p52-instrument-0034,brics-odroid-002_cam0,120,1726248079901778,120,120,120,120,1,1,DIRECT_INDEX,high,rgb/2d/3d share one 0-based frame index; params and repro videos use union_position
p52-instrument-0034,brics-odroid-002_cam0,125,1726248080065803,125,125,125,125,1,1,DIRECT_INDEX,high,rgb/2d/3d share one 0-based frame index; params and repro videos use union_position
p52-instrument-0034,brics-odroid-002_cam0,130,1726248080233800,130,130,130,130,1,1,DIRECT_INDEX,high,rgb/2d/3d share one 0-based frame index; params and repro videos use union_position
p52-instrument-0034,brics-odroid-002_cam0,135,1726248080401835,135,135,,-1,0,0,OUT_OF_3D_RANGE,n/a,rgb/2d/3d share one 0-based frame index; params and repro videos use union_position
