frame,time_sec,hand,legacy_root_z_m,anycalib_root_z_m,e2_root_z_m
0,0.0,Left,2.315434,0.485139,0.541487
0,0.0,Right,1.160926,0.245699,0.273876
1,0.033,Left,2.316515,0.485362,0.541738
1,0.033,Right,1.160537,0.245617,0.273785
2,0.067,Left,2.323251,0.486759,0.543299
2,0.067,Right,1.17617,0.248861,0.277409
3,0.1,Left,2.334124,0.489015,0.545819
3,0.1,Right,1.178118,0.249267,0.277863
4,0.133,Left,2.321113,0.486316,0.542804
4,0.133,Right,1.190102,0.251748,0.280637
5,0.167,Left,2.33334,0.488852,0.545637
5,0.167,Right,1.195651,0.252897,0.281921
6,0.2,Left,2.338611,0.489944,0.546858
6,0.2,Right,1.207658,0.255389,0.284706
7,0.233,Left,2.303449,0.482652,0.538708
7,0.233,Right,1.22206,0.258377,0.288045
8,0.267,Left,2.3167,0.485399,0.541779
8,0.267,Right,1.206049,0.255055,0.284333
9,0.3,Left,2.297468,0.481412,0.537322
9,0.3,Right,1.204788,0.254793,0.28404
10,0.333,Left,2.273477,0.476437,0.531762
10,0.333,Right,1.203528,0.254533,0.283749
11,0.367,Left,2.284986,0.478823,0.534429
11,0.367,Right,1.209033,0.255672,0.285023
12,0.4,Left,2.266983,0.47509,0.530256
12,0.4,Right,1.197951,0.253375,0.282455
13,0.433,Left,2.284865,0.478799,0.534402
13,0.433,Right,1.184971,0.250683,0.279447
14,0.467,Left,2.280602,0.477914,0.533413
14,0.467,Right,1.172263,0.248049,0.276502
15,0.5,Left,2.260139,0.473671,0.52867
15,0.5,Right,1.1792,0.249488,0.27811
16,0.533,Left,2.261374,0.473926,0.528956
16,0.533,Right,1.194507,0.252662,0.281658
17,0.567,Left,2.273791,0.476502,0.531835
17,0.567,Right,1.191642,0.252068,0.280994
18,0.6,Left,2.267958,0.475292,0.530483
18,0.6,Right,1.196051,0.252982,0.282016
19,0.633,Left,2.24949,0.471463,0.526202
19,0.633,Right,1.20474,0.254781,0.284027
20,0.667,Left,2.257284,0.473079,0.528009
20,0.667,Right,1.202568,0.25433,0.283523
21,0.7,Left,2.227663,0.466938,0.521144
21,0.7,Right,1.197216,0.253222,0.282284
22,0.733,Left,2.218022,0.464939,0.51891
22,0.733,Right,1.20576,0.254993,0.284264
23,0.767,Left,2.217373,0.464804,0.51876
23,0.767,Right,1.187345,0.251178,0.279999
24,0.8,Left,2.218067,0.464948,0.518921
24,0.8,Right,1.183918,0.250466,0.279204
25,0.833,Left,2.226971,0.466795,0.520985
25,0.833,Right,1.170816,0.24775,0.276168
26,0.867,Left,2.205011,0.462241,0.515895
26,0.867,Right,1.163515,0.246236,0.274476
27,0.9,Left,2.219013,0.465144,0.519139
27,0.9,Right,1.171485,0.247886,0.276321
28,0.933,Left,2.228018,0.46701,0.521226
28,0.933,Right,1.176277,0.248882,0.277433
29,0.967,Left,2.228025,0.467011,0.521227
29,0.967,Right,1.17496,0.248609,0.277128
30,1.0,Left,2.238023,0.469084,0.523544
30,1.0,Right,1.173277,0.24826,0.276738
31,1.033,Left,2.223968,0.466168,0.520284
31,1.033,Right,1.174179,0.248446,0.276946
32,1.067,Left,2.230126,0.467446,0.521713
32,1.067,Right,1.16258,0.246041,0.274258
33,1.1,Left,2.230709,0.467567,0.521848
33,1.1,Right,1.134514,0.240217,0.267749
34,1.133,Left,2.230381,0.4675,0.521773
34,1.133,Right,1.158811,0.245258,0.273383
35,1.167,Left,2.230374,0.467499,0.521772
35,1.167,Right,1.168383,0.247243,0.275602
36,1.2,Left,2.234744,0.468405,0.522785
36,1.2,Right,1.191439,0.252026,0.280948
37,1.233,Left,2.25052,0.471674,0.526439
37,1.233,Right,1.19786,0.253359,0.282438
38,1.267,Left,2.246164,0.47077,0.525429
38,1.267,Right,1.175304,0.248679,0.277207
39,1.3,Left,2.235041,0.468466,0.522853
39,1.3,Right,1.183011,0.250276,0.278992
40,1.333,Left,2.217882,0.464906,0.518874
40,1.333,Right,1.175355,0.248686,0.277215
41,1.367,Left,2.221712,0.465701,0.519763
41,1.367,Right,1.172444,0.248083,0.276541
42,1.4,Left,2.214268,0.464158,0.518038
42,1.4,Right,1.160022,0.24551,0.273664
43,1.433,Left,2.196959,0.460568,0.514025
43,1.433,Right,1.167192,0.246996,0.275325
44,1.467,Left,2.179977,0.457046,0.510089
44,1.467,Right,1.175114,0.248641,0.277164
45,1.5,Left,2.185021,0.458091,0.511257
45,1.5,Right,1.160419,0.245595,0.27376
46,1.533,Left,2.209424,0.463153,0.516915
46,1.533,Right,1.147575,0.242928,0.270779
47,1.567,Left,2.23556,0.468574,0.522974
47,1.567,Right,1.1489,0.243203,0.271086
48,1.6,Left,2.218898,0.465119,0.519112
48,1.6,Right,1.150284,0.243492,0.271409
49,1.633,Left,2.208061,0.462872,0.5166
49,1.633,Right,1.16866,0.247306,0.275671
50,1.667,Left,2.202167,0.461649,0.515233
50,1.667,Right,1.171181,0.247825,0.276252
51,1.7,Left,2.203744,0.461976,0.515599
51,1.7,Right,1.166884,0.246932,0.275254
52,1.733,Left,2.237592,0.468994,0.523443
52,1.733,Right,1.17233,0.248057,0.276512
53,1.767,Left,2.248454,0.471247,0.525962
53,1.767,Right,1.16243,0.246007,0.27422
54,1.8,Left,2.201099,0.461427,0.514985
54,1.8,Right,1.175151,0.248646,0.27717
55,1.833,Left,2.208889,0.463042,0.516791
55,1.833,Right,1.175094,0.248636,0.277159
56,1.867,Left,2.194748,0.46011,0.513513
56,1.867,Right,1.174512,0.248517,0.277025
57,1.9,Left,2.224824,0.466348,0.520485
57,1.9,Right,1.158831,0.245266,0.273391
58,1.933,Left,2.221182,0.465592,0.519641
58,1.933,Right,1.162012,0.245922,0.274125
59,1.967,Left,2.199104,0.461014,0.514524
59,1.967,Right,1.155783,0.244629,0.272681
60,2.0,Left,2.230452,0.467514,0.521789
60,2.0,Right,1.156914,0.244866,0.272945
61,2.033,Left,2.200428,0.461288,0.51483
61,2.033,Right,1.176311,0.248893,0.277445
62,2.067,Left,2.236909,0.468854,0.523286
62,2.067,Right,1.167386,0.247039,0.275373
63,2.1,Left,2.226585,0.466712,0.520892
63,2.1,Right,1.17715,0.249059,0.277632
64,2.133,Left,2.244534,0.470433,0.525051
64,2.133,Right,1.173227,0.248248,0.276725
65,2.167,Left,2.255686,0.472746,0.527637
65,2.167,Right,1.176774,0.248985,0.277548
66,2.2,Left,2.268972,0.4755,0.530715
66,2.2,Right,1.173542,0.248316,0.276801
67,2.233,Left,2.249636,0.47149,0.526233
67,2.233,Right,1.175677,0.248758,0.277295
68,2.267,Left,2.239573,0.469403,0.523901
68,2.267,Right,1.157279,0.244941,0.273029
69,2.3,Left,2.217462,0.464818,0.518776
69,2.3,Right,1.15413,0.244289,0.2723
70,2.333,Left,2.240517,0.4696,0.524121
70,2.333,Right,1.166055,0.246762,0.275064
71,2.367,Left,2.245139,0.470559,0.525192
71,2.367,Right,1.177387,0.249115,0.277694
72,2.4,Left,2.244875,0.470504,0.525131
72,2.4,Right,1.163392,0.246211,0.274448
73,2.433,Left,2.254758,0.472553,0.527421
73,2.433,Right,1.164086,0.24635,0.274604
74,2.467,Left,2.255213,0.472647,0.527527
74,2.467,Right,1.164781,0.246492,0.274763
75,2.5,Left,2.257981,0.473221,0.528168
75,2.5,Right,1.175034,0.248623,0.277144
76,2.533,Left,2.268416,0.475385,0.530586
76,2.533,Right,1.169317,0.24744,0.275821
77,2.567,Left,2.254755,0.472552,0.52742
77,2.567,Right,1.177218,0.249079,0.277653
78,2.6,Left,2.24118,0.469736,0.524273
78,2.6,Right,1.161594,0.245836,0.274029
79,2.633,Left,2.222793,0.465925,0.520013
79,2.633,Right,1.150875,0.243612,0.271543
80,2.667,Left,2.237464,0.468967,0.523413
80,2.667,Right,1.170852,0.247755,0.276174
81,2.7,Left,2.256216,0.472856,0.52776
81,2.7,Right,1.178035,0.24925,0.277844
82,2.733,Left,2.243598,0.47024,0.524835
82,2.733,Right,1.167852,0.247136,0.275482
83,2.767,Left,2.252382,0.472061,0.526871
83,2.767,Right,1.150837,0.243604,0.271535
84,2.8,Left,2.281984,0.478199,0.533732
84,2.8,Right,1.181757,0.250014,0.278699
85,2.833,Left,2.270858,0.475891,0.531152
85,2.833,Right,1.186143,0.250926,0.279718
86,2.867,Left,2.272856,0.476306,0.531616
86,2.867,Right,1.172758,0.248153,0.276618
87,2.9,Left,2.253166,0.472223,0.527052
87,2.9,Right,1.177639,0.249163,0.277748
88,2.933,Left,2.274874,0.476724,0.532083
88,2.933,Right,1.183722,0.250425,0.279158
89,2.967,Left,2.271058,0.475934,0.5312
89,2.967,Right,1.181228,0.249907,0.278579
90,3.0,Left,2.288325,0.479514,0.535201
90,3.0,Right,1.178221,0.249283,0.277882
91,3.033,Left,2.265254,0.474729,0.529853
91,3.033,Right,1.173475,0.248299,0.276782
92,3.067,Left,2.287446,0.47933,0.534996
92,3.067,Right,1.173262,0.248255,0.276733
93,3.1,Left,2.273891,0.476521,0.531856
93,3.1,Right,1.19664,0.253102,0.28215
94,3.133,Left,2.270786,0.475877,0.531136
94,3.133,Right,1.188663,0.251446,0.2803
95,3.167,Left,2.265646,0.474811,0.529945
95,3.167,Right,1.196364,0.253041,0.282082
96,3.2,Left,2.277705,0.477312,0.53274
96,3.2,Right,1.198638,0.253515,0.282612
97,3.233,Left,2.273207,0.47638,0.531698
97,3.233,Right,1.199029,0.253598,0.282704
98,3.267,Left,2.281211,0.47804,0.533554
98,3.267,Right,1.196819,0.253141,0.282194
99,3.3,Left,2.269943,0.475704,0.530943
99,3.3,Right,1.190979,0.25193,0.28084
100,3.333,Left,2.28424,0.478668,0.534255
100,3.333,Right,1.184808,0.250651,0.279411
101,3.367,Left,2.273342,0.476407,0.531729
101,3.367,Right,1.17834,0.249308,0.27791
102,3.4,Left,2.249643,0.471493,0.526236
102,3.4,Right,1.187522,0.251212,0.280038
103,3.433,Left,2.244025,0.470327,0.524933
103,3.433,Right,1.193205,0.25239,0.281355
104,3.467,Left,2.233041,0.468049,0.522387
104,3.467,Right,1.187862,0.251283,0.280117
105,3.5,Left,2.22336,0.466042,0.520144
105,3.5,Right,1.185282,0.250745,0.279516
106,3.533,Left,2.219072,0.465154,0.519152
106,3.533,Right,1.185955,0.250886,0.279674
107,3.567,Left,2.217461,0.464819,0.518777
107,3.567,Right,1.188564,0.251425,0.280276
108,3.6,Left,2.21454,0.464214,0.518101
108,3.6,Right,1.189322,0.251585,0.280455
109,3.633,Left,2.205332,0.462303,0.515965
109,3.633,Right,1.190759,0.251882,0.280787
110,3.667,Left,2.183149,0.457702,0.510823
110,3.667,Right,1.175013,0.248618,0.277139
111,3.7,Left,2.195711,0.460308,0.513735
111,3.7,Right,1.175792,0.248779,0.277318
112,3.733,Left,2.184335,0.457949,0.511099
112,3.733,Right,1.172386,0.248072,0.276529
113,3.767,Left,2.166534,0.454257,0.506972
113,3.767,Right,1.166465,0.246843,0.275155
114,3.8,Left,2.183896,0.457858,0.510997
114,3.8,Right,1.170586,0.247701,0.276113
115,3.833,Left,2.193176,0.459781,0.513147
115,3.833,Right,1.169086,0.247391,0.275766
116,3.867,Left,2.184514,0.457985,0.511139
116,3.867,Right,1.181545,0.249972,0.278652
117,3.9,Left,2.173555,0.455714,0.5086
117,3.9,Right,1.172462,0.248087,0.276545
118,3.933,Left,2.166006,0.454148,0.506851
118,3.933,Right,1.181787,0.25002,0.278706
119,3.967,Left,2.167758,0.454512,0.507257
119,3.967,Right,1.180416,0.249735,0.278388
120,4.0,Left,2.138088,0.448359,0.50038
120,4.0,Right,1.177316,0.249094,0.277671
121,4.033,Left,2.139173,0.448585,0.500632
121,4.033,Right,1.187539,0.251216,0.280042
122,4.067,Left,2.208733,0.46301,0.516755
122,4.067,Right,1.180866,0.249833,0.278496
123,4.1,Left,2.239577,0.469406,0.523903
123,4.1,Right,1.167759,0.247115,0.275458
124,4.133,Left,2.219063,0.465152,0.519149
124,4.133,Right,1.168565,0.247281,0.275644
125,4.167,Left,2.204041,0.462038,0.515668
125,4.167,Right,1.16721,0.247,0.27533
126,4.2,Left,2.207016,0.462655,0.516358
126,4.2,Right,1.17358,0.24832,0.276805
127,4.233,Left,2.209941,0.463262,0.517036
127,4.233,Right,1.161612,0.245839,0.274033
128,4.267,Left,2.199535,0.461103,0.514624
128,4.267,Right,1.171488,0.247889,0.276324
129,4.3,Left,2.194331,0.460024,0.513417
129,4.3,Right,1.17822,0.249283,0.277882
130,4.333,Left,2.189634,0.459049,0.512328
130,4.333,Right,1.162927,0.246111,0.274336
131,4.367,Left,2.210422,0.463359,0.517145
131,4.367,Right,1.169837,0.247543,0.275937
132,4.4,Left,2.218587,0.465053,0.519039
132,4.4,Right,1.170771,0.247736,0.276153
133,4.433,Left,2.190111,0.459147,0.512438
133,4.433,Right,1.169922,0.247559,0.275956
134,4.467,Left,2.207275,0.462707,0.516417
134,4.467,Right,1.172686,0.248136,0.2766
135,4.5,Left,2.22584,0.466556,0.520718
135,4.5,Right,1.169613,0.247499,0.275888
136,4.533,Left,2.213798,0.464058,0.517927
136,4.533,Right,1.16322,0.246173,0.274406
137,4.567,Left,2.227687,0.466938,0.521145
137,4.567,Right,1.160894,0.24569,0.273866
138,4.6,Left,2.211225,0.463524,0.51733
138,4.6,Right,1.167239,0.247005,0.275336
139,4.633,Left,2.226095,0.466608,0.520777
139,4.633,Right,1.168748,0.247319,0.275687
140,4.667,Left,2.242252,0.469957,0.52452
140,4.667,Right,1.163256,0.246179,0.274412
141,4.7,Left,2.211091,0.463497,0.517299
141,4.7,Right,1.167978,0.247161,0.275509
142,4.733,Left,2.213708,0.464039,0.517905
142,4.733,Right,1.165897,0.246732,0.27503
143,4.767,Left,2.211238,0.463526,0.517332
143,4.767,Right,1.17811,0.24926,0.277856
144,4.8,Left,2.225613,0.466507,0.520664
144,4.8,Right,1.155765,0.244624,0.272675
145,4.833,Left,2.211645,0.46361,0.517426
145,4.833,Right,1.156579,0.244794,0.272865
146,4.867,Left,2.182269,0.45752,0.510619
146,4.867,Right,1.170948,0.247775,0.276196
147,4.9,Left,2.192294,0.459599,0.512943
147,4.9,Right,1.159737,0.24545,0.273598
148,4.933,Left,2.187106,0.458523,0.511741
148,4.933,Right,1.152181,0.243884,0.271848
149,4.967,Left,2.182454,0.457558,0.510662
149,4.967,Right,1.15263,0.243977,0.271951
150,5.0,Left,2.185868,0.458266,0.511453
150,5.0,Right,1.155045,0.244477,0.272511
151,5.033,Left,2.189283,0.458973,0.512244
151,5.033,Right,1.167998,0.247162,0.275511
152,5.067,Left,2.188099,0.45873,0.511971
152,5.067,Right,1.157228,0.24493,0.273016
153,5.1,Left,2.193522,0.459854,0.513228
153,5.1,Right,1.1512,0.243682,0.271621
154,5.133,Left,2.166053,0.454158,0.506862
154,5.133,Right,1.182253,0.250119,0.278817
155,5.167,Left,2.216862,0.464693,0.518637
155,5.167,Right,1.1684,0.247243,0.275603
156,5.2,Left,2.18047,0.457148,0.510203
156,5.2,Right,1.162661,0.246051,0.274271
157,5.233,Left,2.205092,0.462252,0.515909
157,5.233,Right,1.169814,0.247536,0.27593
158,5.267,Left,2.187331,0.458571,0.511794
158,5.267,Right,1.168136,0.247191,0.275544
159,5.3,Left,2.203393,0.461903,0.515517
159,5.3,Right,1.151105,0.243659,0.271596
160,5.333,Left,2.209729,0.463216,0.516985
160,5.333,Right,1.149348,0.243295,0.271189
161,5.367,Left,2.204945,0.462224,0.515876
161,5.367,Right,1.14536,0.242469,0.270266
162,5.4,Left,2.221376,0.465632,0.519685
162,5.4,Right,1.153039,0.24406,0.272044
163,5.433,Left,2.240446,0.469586,0.524105
163,5.433,Right,1.166102,0.246768,0.275072
164,5.467,Left,2.229361,0.467287,0.521535
164,5.467,Right,1.16461,0.246462,0.274729
165,5.5,Left,2.218716,0.46508,0.519069
165,5.5,Right,1.172585,0.248119,0.27658
166,5.533,Left,2.211615,0.463609,0.517425
166,5.533,Right,1.168478,0.247259,0.275621
167,5.567,Left,2.228516,0.467115,0.521342
167,5.567,Right,1.173569,0.248316,0.276802
168,5.6,Left,2.227394,0.466881,0.521081
168,5.6,Right,1.177003,0.249028,0.277597
169,5.633,Left,2.224252,0.46623,0.520354
169,5.633,Right,1.164844,0.246509,0.274781
170,5.667,Left,2.219816,0.465308,0.519324
170,5.667,Right,1.165476,0.246641,0.274929
171,5.7,Left,2.230301,0.467483,0.521755
171,5.7,Right,1.169147,0.247403,0.27578
172,5.733,Left,2.201689,0.461551,0.515124
172,5.733,Right,1.169417,0.247458,0.275842
173,5.767,Left,2.18928,0.458978,0.512248
173,5.767,Right,1.168805,0.247331,0.2757
174,5.8,Left,2.185358,0.458165,0.51134
174,5.8,Right,1.173825,0.248371,0.276863
175,5.833,Left,2.192376,0.45962,0.512965
175,5.833,Right,1.16778,0.24712,0.275464
176,5.867,Left,2.216825,0.46469,0.518632
176,5.867,Right,1.169614,0.247505,0.275894
177,5.9,Left,2.182359,0.457542,0.510643
177,5.9,Right,1.179578,0.249568,0.2782
178,5.933,Left,2.158023,0.452496,0.505004
178,5.933,Right,1.182516,0.250172,0.278876
179,5.967,Left,2.174828,0.455981,0.508899
179,5.967,Right,1.182626,0.250195,0.278901
180,6.0,Left,2.216215,0.464562,0.51849
180,6.0,Right,1.182057,0.250077,0.27877
181,6.033,Left,2.170264,0.455035,0.507841
181,6.033,Right,1.174146,0.248438,0.276937
182,6.067,Left,2.194971,0.460158,0.513567
182,6.067,Right,1.167926,0.247149,0.275497
183,6.1,Left,2.238038,0.469087,0.523547
183,6.1,Right,1.166476,0.246849,0.275161
184,6.133,Left,2.211513,0.463585,0.517398
184,6.133,Right,1.169906,0.24756,0.275956
185,6.167,Left,2.235613,0.468583,0.522984
185,6.167,Right,1.16973,0.247523,0.275915
186,6.2,Left,2.17106,0.455197,0.508022
186,6.2,Right,1.169376,0.247449,0.275832
187,6.233,Left,2.207106,0.462671,0.516376
187,6.233,Right,1.152019,0.243855,0.271814
188,6.267,Left,2.25028,0.471624,0.526382
188,6.267,Right,1.155344,0.244546,0.272586
189,6.3,Left,2.268398,0.475381,0.530582
189,6.3,Right,1.171442,0.247877,0.276311
190,6.333,Left,2.262251,0.474104,0.529155
190,6.333,Right,1.170874,0.24776,0.27618
191,6.367,Left,2.226111,0.46661,0.520779
191,6.367,Right,1.170699,0.247724,0.276139
192,6.4,Left,2.207676,0.462787,0.516506
192,6.4,Right,1.16904,0.247379,0.275754
193,6.433,Left,2.200262,0.461247,0.514786
193,6.433,Right,1.158165,0.245122,0.273232
194,6.467,Left,2.204185,0.46206,0.515694
194,6.467,Right,1.150284,0.243489,0.271406
195,6.5,Left,2.200909,0.461383,0.514937
195,6.5,Right,1.150082,0.243448,0.27136
196,6.533,Left,2.169142,0.454877,0.507653
196,6.533,Right,1.153191,0.244093,0.272081
197,6.567,Left,2.164083,0.453836,0.506489
197,6.567,Right,1.159075,0.245313,0.273444
198,6.6,Left,2.168519,0.454708,0.50747
198,6.6,Right,1.143006,0.241982,0.269721
199,6.633,Left,2.138344,0.44846,0.500486
199,6.633,Right,1.139753,0.241308,0.268968
200,6.667,Left,2.145395,0.449977,0.502174
200,6.667,Right,1.146074,0.242622,0.270436
201,6.7,Left,2.142313,0.449313,0.501435
201,6.7,Right,1.147469,0.242906,0.270755
202,6.733,Left,2.151135,0.451185,0.503521
202,6.733,Right,1.159904,0.245485,0.273637
203,6.767,Left,2.137404,0.448291,0.500293
203,6.767,Right,1.158963,0.24529,0.273419
204,6.8,Left,2.160975,0.453213,0.505789
204,6.8,Right,1.169023,0.247377,0.275752
205,6.833,Left,2.142297,0.449248,0.501371
205,6.833,Right,1.155664,0.244607,0.272656
206,6.867,Left,2.134458,0.447598,0.49953
206,6.867,Right,1.154802,0.244428,0.272455
207,6.9,Left,2.145373,0.449914,0.502112
207,6.9,Right,1.162816,0.246089,0.274312
208,6.933,Left,2.123687,0.445356,0.497027
208,6.933,Right,1.165035,0.24655,0.274827
209,6.967,Left,2.123321,0.44533,0.496989
209,6.967,Right,1.163026,0.246134,0.274362
210,7.0,Left,2.115573,0.443705,0.495177
210,7.0,Right,1.15486,0.24444,0.272469
211,7.033,Left,2.167397,0.454565,0.507298
211,7.033,Right,1.137479,0.240835,0.26844
212,7.067,Left,2.181583,0.45749,0.510569
212,7.067,Right,1.142572,0.241892,0.269621
213,7.1,Left,2.165848,0.454108,0.506807
213,7.1,Right,1.155575,0.244596,0.272642
214,7.133,Left,2.182105,0.457625,0.510716
214,7.133,Right,1.160083,0.24553,0.273686
215,7.167,Left,2.172798,0.455564,0.508432
215,7.167,Right,1.165017,0.246548,0.274825
216,7.2,Left,2.170501,0.455076,0.507888
216,7.2,Right,1.160206,0.245551,0.273711
217,7.233,Left,2.207066,0.462659,0.516364
217,7.233,Right,1.159405,0.245385,0.273525
218,7.267,Left,2.175261,0.456067,0.508995
218,7.267,Right,1.157736,0.245037,0.273136
219,7.3,Left,2.259506,0.473535,0.528519
219,7.3,Right,1.15688,0.24486,0.272938
220,7.333,Left,2.244658,0.470457,0.525079
220,7.333,Right,1.157387,0.244964,0.273055
221,7.367,Left,2.204611,0.462155,0.5158
221,7.367,Right,1.162867,0.246101,0.274325
222,7.4,Left,2.18888,0.458894,0.512154
222,7.4,Right,1.163233,0.246175,0.274409
223,7.433,Left,2.291885,0.480248,0.536022
223,7.433,Right,1.135489,0.240422,0.267979
224,7.467,Left,2.281228,0.478038,0.533552
224,7.467,Right,1.122524,0.237733,0.264973
225,7.5,Left,2.313678,0.48477,0.541076
225,7.5,Right,1.122666,0.237764,0.265007
226,7.533,Left,2.182588,0.457586,0.510693
226,7.533,Right,1.147233,0.242855,0.270698
227,7.567,Left,2.20561,0.462359,0.516028
227,7.567,Right,1.157096,0.244901,0.272985
228,7.6,Left,2.227141,0.466825,0.52102
228,7.6,Right,1.16099,0.24571,0.273888
229,7.633,Left,2.194846,0.460128,0.513535
229,7.633,Right,1.167887,0.247141,0.275488
230,7.667,Left,2.183678,0.457812,0.510945
230,7.667,Right,1.166673,0.246889,0.275206
231,7.7,Left,2.180787,0.457213,0.510276
231,7.7,Right,1.168671,0.247304,0.275669
232,7.733,Left,2.211731,0.463629,0.517447
232,7.733,Right,1.164735,0.246486,0.274756
233,7.767,Left,2.195384,0.46024,0.513659
233,7.767,Right,1.161686,0.245853,0.274049
234,7.8,Left,2.211361,0.463553,0.517362
234,7.8,Right,1.164078,0.24635,0.274604
235,7.833,Left,2.205044,0.462243,0.515898
235,7.833,Right,1.162479,0.246018,0.274233
236,7.867,Left,2.200058,0.461209,0.514742
236,7.867,Right,1.16128,0.24577,0.273956
237,7.9,Left,2.203748,0.461973,0.515596
237,7.9,Right,1.152966,0.244046,0.272029
238,7.933,Left,2.223104,0.465987,0.520082
238,7.933,Right,1.146191,0.242643,0.27046
239,7.967,Left,2.2373,0.468933,0.523375
239,7.967,Right,1.129359,0.23915,0.266556
240,8.0,Left,2.22315,0.465999,0.520096
240,8.0,Right,1.119876,0.237184,0.264359
241,8.033,Left,2.223488,0.466068,0.520173
241,8.033,Right,1.160527,0.245611,0.273779
242,8.067,Left,2.214391,0.464182,0.518065
242,8.067,Right,1.130468,0.239374,0.266808
243,8.1,Left,2.216622,0.464644,0.518581
243,8.1,Right,1.14606,0.24261,0.270424
244,8.133,Left,2.20218,0.461648,0.515233
244,8.133,Right,1.13663,0.240653,0.268238
245,8.167,Left,2.215361,0.464384,0.51829
245,8.167,Right,1.153569,0.244169,0.272166
246,8.2,Left,2.228963,0.467206,0.521445
246,8.2,Right,1.169231,0.247416,0.275796
247,8.233,Left,2.183429,0.457766,0.510893
247,8.233,Right,1.143448,0.242071,0.269821
248,8.267,Left,2.150293,0.450892,0.503211
248,8.267,Right,1.149814,0.243389,0.271295
249,8.3,Left,2.126347,0.445926,0.497661
249,8.3,Right,1.150864,0.243608,0.27154
250,8.333,Left,2.179398,0.456928,0.509957
250,8.333,Right,1.138321,0.241006,0.268631
251,8.367,Left,2.154072,0.451676,0.504087
251,8.367,Right,1.139176,0.241184,0.26883
252,8.4,Left,2.183888,0.457858,0.510997
252,8.4,Right,1.178129,0.249264,0.27786
253,8.433,Left,2.131433,0.44697,0.498829
253,8.433,Right,1.196777,0.253133,0.282184
254,8.467,Left,2.11379,0.443313,0.494742
254,8.467,Right,1.199483,0.253694,0.282811
255,8.5,Left,2.127915,0.446242,0.498015
255,8.5,Right,1.181904,0.250048,0.278737
256,8.533,Left,2.123268,0.445278,0.496938
256,8.533,Right,1.178091,0.249255,0.277851
257,8.567,Left,2.166329,0.454209,0.506919
257,8.567,Right,1.153414,0.244137,0.27213
258,8.6,Left,2.180682,0.457188,0.510249
258,8.6,Right,1.155624,0.244601,0.272649
259,8.633,Left,2.155512,0.451968,0.504414
259,8.633,Right,1.194969,0.252764,0.281771
260,8.667,Left,2.175683,0.456152,0.509091
260,8.667,Right,1.200587,0.253925,0.283069
261,8.7,Left,2.149323,0.450682,0.502978
261,8.7,Right,1.198284,0.253443,0.282531
262,8.733,Left,2.163872,0.453701,0.506352
262,8.733,Right,1.17973,0.249596,0.278232
263,8.767,Left,2.149023,0.450619,0.502907
263,8.767,Right,1.180603,0.249779,0.278436
264,8.8,Left,2.15447,0.451751,0.504172
264,8.8,Right,1.169345,0.247444,0.275827
265,8.833,Left,2.152348,0.451309,0.503678
265,8.833,Right,1.157585,0.245006,0.273101
266,8.867,Left,2.163943,0.453715,0.506367
266,8.867,Right,1.168326,0.24723,0.275587
267,8.9,Left,2.147707,0.450346,0.502602
267,8.9,Right,1.160924,0.245694,0.273871
268,8.933,Left,2.171733,0.455334,0.508176
268,8.933,Right,1.166211,0.24679,0.275095
269,8.967,Left,2.193663,0.459882,0.51326
269,8.967,Right,1.168939,0.247357,0.27573
270,9.0,Left,2.16044,0.452988,0.505555
270,9.0,Right,1.189637,0.251649,0.280526
271,9.033,Left,2.18133,0.457321,0.510397
271,9.033,Right,1.18932,0.251586,0.280456
272,9.067,Left,2.187352,0.45857,0.511793
272,9.067,Right,1.175132,0.248645,0.277169
273,9.1,Left,2.182585,0.45758,0.510687
273,9.1,Right,1.167644,0.247092,0.275433
274,9.133,Left,2.170498,0.455069,0.507881
274,9.133,Right,1.162905,0.246113,0.274338
275,9.167,Left,2.179506,0.456939,0.509971
275,9.167,Right,1.16399,0.246338,0.27459
276,9.2,Left,2.192678,0.459673,0.513026
276,9.2,Right,1.187123,0.251139,0.279955
277,9.233,Left,2.19842,0.460865,0.514358
277,9.233,Right,1.212993,0.2565,0.285947
278,9.267,Left,2.190612,0.459248,0.512551
278,9.267,Right,1.181278,0.249923,0.278596
279,9.3,Left,2.205716,0.46238,0.516052
279,9.3,Right,1.179241,0.249499,0.278122
280,9.333,Left,2.157006,0.452279,0.504762
280,9.333,Right,1.180044,0.249663,0.278307
281,9.367,Left,2.145527,0.449898,0.5021
281,9.367,Right,1.180361,0.249731,0.278382
282,9.4,Left,2.176153,0.456249,0.509199
282,9.4,Right,1.179138,0.249475,0.278096
283,9.433,Left,2.192493,0.45964,0.512989
283,9.433,Right,1.175646,0.24875,0.277286
284,9.467,Left,2.159572,0.452811,0.505356
284,9.467,Right,1.187516,0.251216,0.280042
285,9.5,Left,2.172729,0.45554,0.508406
285,9.5,Right,1.200135,0.253834,0.282967
286,9.533,Left,2.198401,0.460865,0.514358
286,9.533,Right,1.207993,0.255462,0.284787
287,9.567,Left,2.168719,0.454709,0.507478
287,9.567,Right,1.206574,0.255168,0.284458
288,9.6,Left,2.165375,0.454016,0.506703
288,9.6,Right,1.192985,0.252349,0.281308
289,9.633,Left,2.152289,0.451301,0.503669
289,9.633,Right,1.201281,0.254068,0.283229
290,9.667,Left,2.12031,0.444668,0.496256
290,9.667,Right,1.201861,0.254187,0.283363
291,9.7,Left,2.123055,0.445238,0.496893
291,9.7,Right,1.199488,0.253695,0.282813
292,9.733,Left,2.125972,0.445842,0.497568
292,9.733,Right,1.200152,0.253833,0.282967
293,9.767,Left,2.136827,0.448092,0.500082
293,9.767,Right,1.200877,0.253984,0.283135
294,9.8,Left,2.174598,0.455927,0.508839
294,9.8,Right,1.204881,0.254815,0.284064
295,9.833,Left,2.159388,0.452772,0.505313
295,9.833,Right,1.202196,0.254257,0.283441
296,9.867,Left,2.21901,0.465138,0.519134
296,9.867,Right,1.203519,0.25453,0.283746
297,9.9,Left,2.22181,0.465718,0.519782
297,9.9,Right,1.208426,0.255546,0.284882
298,9.933,Left,2.155082,0.451878,0.504314
298,9.933,Right,1.214496,0.256808,0.286292
299,9.967,Left,2.206815,0.462607,0.516306
299,9.967,Right,1.225498,0.259088,0.28884
300,10.0,Left,2.158188,0.452522,0.505034
300,10.0,Right,1.219305,0.257805,0.287406
301,10.033,Left,2.179978,0.457042,0.510085
301,10.033,Right,1.212489,0.256391,0.285826
302,10.067,Left,2.077227,0.435733,0.486269
302,10.067,Right,1.215935,0.257109,0.286628
303,10.1,Left,2.095726,0.439569,0.490556
303,10.1,Right,1.209684,0.255811,0.285177
304,10.133,Left,2.09076,0.438541,0.489407
304,10.133,Right,1.21545,0.257005,0.286512
305,10.167,Left,2.161647,0.453244,0.50584
305,10.167,Right,1.198316,0.253449,0.282538
306,10.2,Left,2.143466,0.449475,0.501628
306,10.2,Right,1.197658,0.253309,0.282382
307,10.233,Left,2.154838,0.451833,0.504263
307,10.233,Right,1.181367,0.249931,0.278607
308,10.267,Left,2.137182,0.44817,0.500169
308,10.267,Right,1.189319,0.251586,0.280456
309,10.3,Left,2.167626,0.454484,0.507226
309,10.3,Right,1.180979,0.249857,0.278523
310,10.333,Left,2.110234,0.442582,0.493923
310,10.333,Right,1.185563,0.250807,0.279585
311,10.367,Left,2.159471,0.452793,0.505336
311,10.367,Right,1.195657,0.252898,0.281922
312,10.4,Left,2.161845,0.453285,0.505885
312,10.4,Right,1.197918,0.253368,0.282448
313,10.433,Left,2.158965,0.452686,0.505217
313,10.433,Right,1.200569,0.253921,0.283065
314,10.467,Left,2.167666,0.454491,0.507234
314,10.467,Right,1.197787,0.253341,0.282418
315,10.5,Left,2.19063,0.459253,0.512557
315,10.5,Right,1.219192,0.257782,0.28738
316,10.533,Left,2.193028,0.459751,0.513113
316,10.533,Right,1.210808,0.256045,0.285439
317,10.567,Left,2.170479,0.455076,0.507887
317,10.567,Right,1.21805,0.257548,0.287118
318,10.6,Left,2.18026,0.457103,0.510154
318,10.6,Right,1.214763,0.256865,0.286355
319,10.633,Left,2.168844,0.454735,0.507507
319,10.633,Right,1.216181,0.257158,0.286683
320,10.667,Left,2.166627,0.454274,0.506992
320,10.667,Right,1.216889,0.257305,0.286848
321,10.7,Left,2.145576,0.449909,0.502113
321,10.7,Right,1.220337,0.258019,0.287645
322,10.733,Left,2.161932,0.453301,0.505904
322,10.733,Right,1.203548,0.254539,0.283755
323,10.767,Left,2.139185,0.448583,0.500631
323,10.767,Right,1.20286,0.254391,0.283591
324,10.8,Left,2.152376,0.451319,0.503689
324,10.8,Right,1.200502,0.253902,0.283044
325,10.833,Left,2.140162,0.448785,0.500857
325,10.833,Right,1.190374,0.251801,0.280697
326,10.867,Left,2.132512,0.4472,0.499086
326,10.867,Right,1.184557,0.250595,0.279348
327,10.9,Left,2.152916,0.451433,0.503816
327,10.9,Right,1.187667,0.25124,0.28007
328,10.933,Left,2.128462,0.446359,0.498145
328,10.933,Right,1.189878,0.251698,0.280582
329,10.967,Left,2.177604,0.456553,0.509538
329,10.967,Right,1.18495,0.25068,0.279443
330,11.0,Left,2.178422,0.456721,0.509727
330,11.0,Right,1.176954,0.249023,0.277591
331,11.033,Left,2.130307,0.446741,0.498572
331,11.033,Right,1.174858,0.248587,0.277104
332,11.067,Left,2.165642,0.454071,0.506765
332,11.067,Right,1.189637,0.251654,0.280531
333,11.1,Left,2.134077,0.447523,0.499447
333,11.1,Right,1.188425,0.2514,0.280248
334,11.133,Left,2.166509,0.45425,0.506965
334,11.133,Right,1.176659,0.248957,0.277518
335,11.167,Left,2.06117,0.4324,0.482544
335,11.167,Right,1.183332,0.250342,0.279066
336,11.2,Left,2.137845,0.448303,0.500318
336,11.2,Right,1.207286,0.255312,0.28462
337,11.233,Left,2.202842,0.461791,0.515392
337,11.233,Right,1.210903,0.256065,0.285462
338,11.267,Left,2.186461,0.458392,0.511594
338,11.267,Right,1.182894,0.250256,0.278968
339,11.3,Left,2.170557,0.455096,0.507909
339,11.3,Right,1.189648,0.251659,0.280537
340,11.333,Left,2.142195,0.449211,0.501332
340,11.333,Right,1.16939,0.247459,0.275842
341,11.367,Left,2.165266,0.453995,0.506679
341,11.367,Right,1.164967,0.246543,0.274818
342,11.4,Left,2.149371,0.450697,0.502994
342,11.4,Right,1.155056,0.244485,0.272518
343,11.433,Left,2.178638,0.456767,0.509778
343,11.433,Right,1.14296,0.241976,0.269715
344,11.467,Left,2.149741,0.450775,0.50308
344,11.467,Right,1.153163,0.244091,0.272078
345,11.5,Left,2.177069,0.45644,0.509413
345,11.5,Right,1.151783,0.243804,0.271758
346,11.533,Left,2.126442,0.44594,0.497677
346,11.533,Right,1.146917,0.242794,0.270629
347,11.567,Left,2.051435,0.430383,0.48029
347,11.567,Right,1.139716,0.241301,0.26896
348,11.6,Left,2.039788,0.427965,0.477587
348,11.6,Right,1.132444,0.23979,0.267272
349,11.633,Left,2.02475,0.424847,0.474103
349,11.633,Right,1.132123,0.239725,0.267199
350,11.667,Left,2.010932,0.421981,0.4709
350,11.667,Right,1.129645,0.23921,0.266623
351,11.7,Left,1.98526,0.416655,0.464947
351,11.7,Right,1.123979,0.238036,0.265311
352,11.733,Left,1.969211,0.413327,0.461227
352,11.733,Right,1.1153,0.236236,0.263299
353,11.767,Left,2.064639,0.433123,0.483352
353,11.767,Right,1.112491,0.235652,0.262647
354,11.8,Left,2.040557,0.42813,0.477771
354,11.8,Right,1.111545,0.235458,0.26243
355,11.833,Left,2.073179,0.434895,0.485332
355,11.833,Right,1.116436,0.236472,0.263563
356,11.867,Left,2.048618,0.429799,0.479637
356,11.867,Right,1.120431,0.237299,0.264488
357,11.9,Left,2.05059,0.430208,0.480094
357,11.9,Right,1.125806,0.238416,0.265735
358,11.933,Left,2.115749,0.443722,0.495198
358,11.933,Right,1.131757,0.23965,0.267115
359,11.967,Left,2.118964,0.444388,0.495943
359,11.967,Right,1.136693,0.240674,0.268259
360,12.0,Left,2.120618,0.444732,0.496327
360,12.0,Right,1.142371,0.241852,0.269576
361,12.033,Left,2.130273,0.446733,0.498564
361,12.033,Right,1.146718,0.242754,0.270584
362,12.067,Left,2.128326,0.446328,0.498111
362,12.067,Right,1.149333,0.243296,0.27119
363,12.1,Left,2.152879,0.451422,0.503804
363,12.1,Right,1.146904,0.242792,0.270627
