physical_camera_id,n_sequences,sequences,mean_signed_log_bias,median_signed_log_bias,between_sequence_sd_log,min_signed_log_bias,max_signed_log_bias,range_log,sign_consistent,mean_signed_pct
brics-odroid-001_cam0,4,p36-tea-0010;p41-boxing-0021;p41-plant-0004;p44-dog-0004,-0.18062990909547125,-0.1931792128247059,0.038364206560366355,-0.21060047542285662,-0.12556073530961648,0.08503974011324014,1,-16.525576721531998
brics-odroid-001_cam1,4,p36-tea-0010;p41-boxing-0021;p41-plant-0004;p44-dog-0004,-0.09185901831239085,-0.09333752868539226,0.027251971129255405,-0.12158914526412234,-0.05917187061465655,0.062417274649465795,1,-8.776625126679749
brics-odroid-002_cam0,5,p36-tea-0010;p41-boxing-0021;p41-plant-0004;p44-dog-0004;p52-instrument-0034,-0.04759012909714017,-0.05105528545234275,0.04037025987447008,-0.09490675036168915,0.007041306396163841,0.10194805675785298,0,-4.647547104524675
brics-odroid-006_cam0,4,p36-tea-0010;p41-boxing-0021;p41-plant-0004;p44-dog-0004,-0.06497517459478161,-0.07732082168593302,0.047457892227739926,-0.10806701428517093,0.0028079592779105557,0.11087497356308149,0,-6.290927325434115
brics-odroid-007_cam0,5,p36-tea-0010;p41-boxing-0021;p41-plant-0004;p44-dog-0004;p52-instrument-0034,-0.060837862191927106,-0.04869871577359505,0.03251917359634993,-0.1060172274362165,-0.02216723599081188,0.08384999144540461,1,-5.902420483894533
brics-odroid-007_cam1,5,p36-tea-0010;p41-boxing-0021;p41-plant-0004;p44-dog-0004;p52-instrument-0034,-0.11332727504964915,-0.07249051412838015,0.06012639401575136,-0.19820420103165293,-0.0694189877265337,0.12878521330511922,1,-10.714159798361745
brics-odroid-008_cam0,4,p36-tea-0010;p41-boxing-0021;p41-plant-0004;p44-dog-0004,-0.015226394803175223,-0.006670822383801785,0.023737988919357994,-0.049835879276000215,0.0022719448309028913,0.05210782410690311,0,-1.5111059376751834
brics-odroid-009_cam1,4,p36-tea-0010;p41-boxing-0021;p41-plant-0004;p44-dog-0004,-0.16696834494854182,-0.17443365620260468,0.042575053496891474,-0.21039636272097093,-0.108609704667987,0.10178665805298392,1,-15.377360174660259
brics-odroid-010_cam0,4,p36-tea-0010;p41-boxing-0021;p41-plant-0004;p44-dog-0004,-0.09339295821322635,-0.06418429734496144,0.1246513345479628,-0.2695205814412813,0.024317343278298813,0.29383792471958015,0,-8.916449033135398
brics-odroid-010_cam1,4,p36-tea-0010;p41-boxing-0021;p41-plant-0004;p44-dog-0004,-0.08103532267414588,-0.12608402822213943,0.14887577776862015,-0.20548064919187853,0.1335074149395739,0.33898806413145244,0,-7.783888232735448
brics-odroid-011_cam0,4,p36-tea-0010;p41-boxing-0021;p41-plant-0004;p44-dog-0004,-0.10977020746399135,-0.09269619788749314,0.08446302046824984,-0.21637323531621389,-0.03731519876476523,0.17905803655144864,1,-10.395998505178117
brics-odroid-012_cam0,4,p36-tea-0010;p41-boxing-0021;p41-plant-0004;p44-dog-0004,-0.0886033049409774,-0.09271818343157881,0.033660002528565346,-0.11913349540019055,-0.04984335750056144,0.06929013789962912,1,-8.479143971398507
brics-odroid-012_cam1,5,p36-tea-0010;p41-boxing-0021;p41-plant-0004;p44-dog-0004;p52-instrument-0034,-0.09871430220005409,-0.0941636985772544,0.021257179332497746,-0.12251025096898316,-0.0777599472894091,0.044750303679574055,1,-9.399848630910757
brics-odroid-014_cam1,4,p36-tea-0010;p41-boxing-0021;p41-plant-0004;p44-dog-0004,-0.12950137694929048,-0.11737522335771042,0.0465325910364994,-0.19588892897840865,-0.08736613210333238,0.10852279687507627,1,-12.14666212804989
brics-odroid-015_cam0,4,p36-tea-0010;p41-boxing-0021;p41-plant-0004;p44-dog-0004,-0.1036811594220482,-0.09080497028501597,0.053267785653832035,-0.17556509258866393,-0.05754960452949695,0.11801548805916698,1,-9.848730957025886
brics-odroid-015_cam1,5,p36-tea-0010;p41-boxing-0021;p41-plant-0004;p44-dog-0004;p52-instrument-0034,-0.16604875495984672,-0.1570053292118737,0.04394004004210434,-0.21382390286999053,-0.11133037302653409,0.10249352984345644,1,-15.299506250901896
brics-odroid-016_cam0,5,p36-tea-0010;p41-boxing-0021;p41-plant-0004;p44-dog-0004;p52-instrument-0034,0.03502623287990165,0.024359423067065955,0.07539411211268947,-0.059388892562870374,0.14433391471988027,0.20372280728275066,0,3.5646876443409248
brics-odroid-017_cam0,4,p36-tea-0010;p41-boxing-0021;p41-plant-0004;p44-dog-0004,-0.06429421780094215,-0.05892683521542746,0.026185936641215598,-0.09936593013556139,-0.03995727063735226,0.05940865949820913,1,-6.2270937642700535
brics-odroid-017_cam1,4,p36-tea-0010;p41-boxing-0021;p41-plant-0004;p44-dog-0004,-0.07067060577470607,-0.07096302073712024,0.015526782746464556,-0.0881880431860021,-0.05256833843858169,0.035619704747420405,1,-6.823123916644446
brics-odroid-019_cam1,4,p36-tea-0010;p41-boxing-0021;p41-plant-0004;p44-dog-0004,-0.016277222448548793,-0.008564473077423961,0.04589195496569477,-0.07892631579539286,0.03094637215604561,0.10987268795143847,0,-1.614546431734154
brics-odroid-020_cam0,4,p36-tea-0010;p41-boxing-0021;p41-plant-0004;p44-dog-0004,-0.09585486467067647,-0.10492090707301566,0.10658617338126444,-0.21052303276226175,0.0369453882255872,0.24746842098784894,0,-9.140412413861743
brics-odroid-020_cam1,4,p36-tea-0010;p41-boxing-0021;p41-plant-0004;p44-dog-0004,-0.11008993439029116,-0.10535284120030777,0.028922437305846288,-0.14881117189706253,-0.0808428832634866,0.06796828863357593,1,-10.42464273774999
brics-odroid-021_cam0,5,p36-tea-0010;p41-boxing-0021;p41-plant-0004;p44-dog-0004;p52-instrument-0034,-0.13986943280383274,-0.14219334423904573,0.026230682685990044,-0.17445361929232808,-0.11087539009420855,0.06357822919811953,1,-13.052824752329117
brics-odroid-021_cam1,4,p36-tea-0010;p41-boxing-0021;p41-plant-0004;p44-dog-0004,-0.13338975064104389,-0.1455172127166308,0.047693836173022745,-0.1751636496438329,-0.06736092748708104,0.10780272215675187,1,-12.487605448671912
brics-odroid-022_cam0,4,p36-tea-0010;p41-boxing-0021;p41-plant-0004;p44-dog-0004,-0.07723878501580916,-0.09531299385957723,0.043359071427842975,-0.10571184057640826,-0.012617311767673951,0.09309452880873431,1,-7.433120862261122
brics-odroid-022_cam1,4,p36-tea-0010;p41-boxing-0021;p41-plant-0004;p44-dog-0004,-0.12442821948263123,-0.1106504537039438,0.07448290315466691,-0.2167349821768893,-0.059676988345748055,0.15705799383114125,1,-11.699835859370744
brics-odroid-023_cam0,5,p36-tea-0010;p41-boxing-0021;p41-plant-0004;p44-dog-0004;p52-instrument-0034,-0.060329356786318664,-0.05649814659698803,0.01217007975664128,-0.07410033476052041,-0.04582856058589986,0.028271774174620554,1,-5.854559188223451
brics-odroid-024_cam0,5,p36-tea-0010;p41-boxing-0021;p41-plant-0004;p44-dog-0004;p52-instrument-0034,-0.12913948326944205,-0.12898484503177784,0.0433626511108963,-0.19100863524315415,-0.06902704100429757,0.12198159423885657,1,-12.114862806680781
brics-odroid-024_cam1,4,p36-tea-0010;p41-boxing-0021;p41-plant-0004;p44-dog-0004,-0.14166637179170874,-0.12930985867461967,0.058819923091278654,-0.2207309381368095,-0.08731483168078606,0.13341610645602342,1,-13.208923229694026
brics-odroid-025_cam0,4,p36-tea-0010;p41-boxing-0021;p41-plant-0004;p44-dog-0004,-0.2926679858807981,-0.2987235862071742,0.04712967791981289,-0.3408401504133257,-0.2323846206955183,0.10845552971780742,1,-25.37301282960095
brics-odroid-025_cam1,5,p36-tea-0010;p41-boxing-0021;p41-plant-0004;p44-dog-0004;p52-instrument-0034,-0.13933062635283144,-0.0800432925858895,0.12946892587034675,-0.31533332570256134,-0.02222507127838614,0.2931082544241752,1,-13.005964430221095
brics-odroid-026_cam0,4,p36-tea-0010;p41-boxing-0021;p41-plant-0004;p44-dog-0004,-0.0677272175149496,-0.07467295688513989,0.05323322444448196,-0.12408672664292791,0.0025237703534092583,0.12661049699633717,0,-6.548464176666524
brics-odroid-026_cam1,4,p36-tea-0010;p41-boxing-0021;p41-plant-0004;p44-dog-0004,-0.05650907353521393,-0.05825078078152904,0.03080392444251439,-0.09081192384189427,-0.018722808735903367,0.07208911510599089,1,-5.4942090559976675
brics-odroid-027_cam0,5,p36-tea-0010;p41-boxing-0021;p41-plant-0004;p44-dog-0004;p52-instrument-0034,-0.05703077429852967,-0.031874249599420916,0.09091034002100624,-0.2105793212323066,0.03204912115313513,0.24262844238544173,0,-5.543499940606889
brics-odroid-027_cam1,5,p36-tea-0010;p41-boxing-0021;p41-plant-0004;p44-dog-0004;p52-instrument-0034,-0.14933432799777827,-0.15394454090621046,0.01500554142107708,-0.1677792134476481,-0.1273093790017334,0.040469834445914704,1,-13.871888363250473
brics-odroid-028_cam0,5,p36-tea-0010;p41-boxing-0021;p41-plant-0004;p44-dog-0004;p52-instrument-0034,-0.04141572059820696,-0.09739273265986498,0.1086144724829193,-0.1086555239748274,0.14578488560928565,0.25444040958411307,0,-4.0569807863201195
brics-odroid-029_cam0,4,p36-tea-0010;p41-boxing-0021;p41-plant-0004;p44-dog-0004,-0.05158115959580166,-0.09469380921139303,0.10547575076487167,-0.12168222337002937,0.10474520340960879,0.22642742677963817,0,-5.027343259008566
brics-odroid-029_cam1,4,p36-tea-0010;p41-boxing-0021;p41-plant-0004;p44-dog-0004,-0.09154191904989595,-0.09347080206436442,0.060502454839912186,-0.16202971775656091,-0.017196354314293984,0.14483336344226694,1,-8.747693674956547
brics-odroid-030_cam0,5,p36-tea-0010;p41-boxing-0021;p41-plant-0004;p44-dog-0004;p52-instrument-0034,-0.21741487320058311,-0.19943025179498247,0.057774572598089574,-0.3136431229803446,-0.17149916454705694,0.14214395843328764,1,-19.540390530500652
brics-odroid-030_cam1,5,p36-tea-0010;p41-boxing-0021;p41-plant-0004;p44-dog-0004;p52-instrument-0034,-0.17102246908952087,-0.17030067724124526,0.01679765289687293,-0.18897708339238573,-0.14519515390958654,0.04378192948279919,1,-15.719736374901272
