sequence,camera,disagreement_3model,log_spread_3model,disagreement_2model,primary_rel_err_pct,ensemble_e4_rel_err_pct,ensemble_e5_rel_err_pct
p36-tea-0010,brics-odroid-001_cam0,0.16698441503288752,0.1650384127875234,0.07190061939178921,14.913528935028362,11.79762805615321,8.567621630703428
p36-tea-0010,brics-odroid-001_cam1,0.2625335712646477,0.2622419900316679,0.13267839649977173,11.180280505427936,5.078952709429734,1.4414959877158138
p36-tea-0010,brics-odroid-002_cam0,0.5024376774547937,0.4389607099893742,0.09236865182353346,6.502643892438739,10.72549453236345,6.502643892438739
p36-tea-0010,brics-odroid-006_cam0,0.42475725879171833,0.41121675177441774,0.17976045441902774,7.784489661041873,0.912295644615886,10.429269163457043
p36-tea-0010,brics-odroid-007_cam0,0.1887374763380001,0.19954209653251245,0.1988826241248002,3.9992926962277493,6.072901471801903,12.33138416125453
p36-tea-0010,brics-odroid-007_cam1,1.0469725978049922,0.9204329044519011,0.8605212190196547,6.637765600240241,47.924701859604944,34.68562904104671
p36-tea-0010,brics-odroid-008_cam0,0.19150547763996315,0.18208714586852665,0.04198749386531148,0.1290768992782076,2.2536973985812265,4.423399830184501
p36-tea-0010,brics-odroid-009_cam1,0.36384930755335065,0.4044805846269501,0.3990547644737275,18.918007036795498,0.7441168578042562,11.093559553173915
p36-tea-0010,brics-odroid-010_cam0,0.2610210845888611,0.2670449410377297,0.1589717866635159,2.4791155869410577,10.97588835743425,20.17714756987127
p36-tea-0010,brics-odroid-010_cam1,0.5110098055905272,0.4260103050084059,0.03862556859182454,13.637670116023108,11.95335155670743,10.236183848774905
p36-tea-0010,brics-odroid-011_cam0,0.4928020022221159,0.48120905211221443,0.22546623737476615,12.554680455195191,2.0724383937056503,9.666330594640868
p36-tea-0010,brics-odroid-012_cam0,0.5269998626972062,0.442785833190416,0.05542047534783588,6.057019657648328,3.416749147830461,0.7022737496898264
p36-tea-0010,brics-odroid-012_cam1,0.5014141244706046,0.4694816552401733,0.17763544226549574,12.772627282704056,20.204604096059974,12.772627282704056
p36-tea-0010,brics-odroid-014_cam1,0.11801844776452003,0.1254130543328897,0.12397441371781177,10.052854089510193,4.293232277666874,1.835197716800418
p36-tea-0010,brics-odroid-015_cam0,0.23044875728984815,0.20869132959855288,0.20793720217495143,10.906237754846867,1.1073430796050505,10.281522358258202
p36-tea-0010,brics-odroid-015_cam1,0.19021440852890673,0.20908348328556758,0.20832510897567097,14.70259678196572,5.302674995302212,4.280908119396861
p36-tea-0010,brics-odroid-016_cam0,0.10359068276156247,0.10610441947882786,0.0774587994125667,2.935698591849833,7.002616687345049,11.230215897572366
p36-tea-0010,brics-odroid-017_cam0,0.14916923387949022,0.15056124115428432,0.08546135897496529,4.767896260177839,0.6077816284955343,3.7340632503313604
p36-tea-0010,brics-odroid-017_cam1,0.2890979164340612,0.324441529312575,0.28008979626076547,8.361601790445372,5.511689778007437,21.48528234149919
p36-tea-0010,brics-odroid-019_cam1,0.16571527638869565,0.17663221833452036,0.17617441839548997,0.6391745568683309,9.93152809874995,17.325944655865
p36-tea-0010,brics-odroid-020_cam0,0.4265872649848178,0.39360391452502674,0.12262297150061917,7.109643397721969,1.2285770854851463,5.024830794100973
p36-tea-0010,brics-odroid-020_cam1,0.5041626548204413,0.49816567530271494,0.24618092893093277,13.478839441388038,2.0843052186490176,10.810849306856468
p36-tea-0010,brics-odroid-021_cam0,0.950583312448456,0.6803561967842433,0.024930479367369217,9.943565881460296,11.059230743150938,9.943565881460296
p36-tea-0010,brics-odroid-021_cam1,0.5199011543143133,0.4977215493898257,0.2147327071566174,14.918316586680758,5.235623479103695,5.5490053454721595
p36-tea-0010,brics-odroid-022_cam0,0.3690686139949655,0.332323498901135,0.0658616361414022,9.40721884641075,6.3731443845366496,3.2374546755868434
p36-tea-0010,brics-odroid-022_cam1,0.7307918730341623,0.6451708406022083,0.21442833814821774,6.413266055600365,15.962694643709344,6.413266055600365
p36-tea-0010,brics-odroid-023_cam0,0.4589771865497535,0.4925203574970222,0.48279993668989407,5.3870970469222454,21.031887066994663,31.19389210934791
p36-tea-0010,brics-odroid-024_cam0,1.7422206297939775,1.308943684255649,1.1493453693911306,12.218021262526776,68.90358820515003,36.15371319238726
p36-tea-0010,brics-odroid-024_cam1,0.8783925283881067,0.6540262083245427,0.049816482651095784,10.279313321934126,8.015989996968706,5.695571339109616
p36-tea-0010,brics-odroid-025_cam0,0.2791988251475376,0.2626948679395691,0.0732573494879393,28.125599574308364,30.71176739053686,28.125599574308364
p36-tea-0010,brics-odroid-025_cam1,0.27081743885056836,0.31390651128015085,0.3062773994757328,7.533306855790421,7.899630289677837,25.908365712743404
p36-tea-0010,brics-odroid-026_cam0,0.7684400500144689,0.5957595817685449,0.05808333344846844,5.780994177718555,8.478667614305632,5.780994177718555
p36-tea-0010,brics-odroid-026_cam1,0.439482356594369,0.4788166469056852,0.3315741195494117,1.8143696730174883,16.069760030304455,37.21141422249599
p36-tea-0010,brics-odroid-027_cam0,0.6424181406230546,0.5317338987687419,0.08846619632670626,2.178076377405918,2.245898458816099,2.178076377405918
p36-tea-0010,brics-odroid-027_cam1,0.4211079081662329,0.3700534338502376,0.06146496845809455,14.314353458124412,16.908437577940507,14.314353458124412
p36-tea-0010,brics-odroid-028_cam0,0.6651631365614505,0.5668896287436491,0.13671803696678195,10.049055782414788,16.001523657142418,10.049055782414788
p36-tea-0010,brics-odroid-029_cam0,0.7005090897799112,0.7238248564108749,0.6937948792407475,12.09267232656673,60.97328006065652,69.98599891311623
p36-tea-0010,brics-odroid-029_cam1,0.8130909995894379,0.6106979854169197,0.034596704338359936,8.477005793648203,6.879875459337656,5.2548742568710285
p36-tea-0010,brics-odroid-030_cam0,0.34238222591398054,0.40087824188849647,0.3608618546643366,19.64002647393765,3.557758860515261,15.743018170482426
p36-tea-0010,brics-odroid-030_cam1,0.4984558557457817,0.4380332323201957,0.3370097578652956,15.300349038320427,0.40770325419246967,15.300349038320427
p41-boxing-0021,brics-odroid-001_cam0,0.4382318723921038,0.38180069899038416,0.05910018363540443,11.870538352509513,9.226664015212894,6.503473733160179
p41-boxing-0021,brics-odroid-001_cam1,0.3828300973778375,0.3693084992703588,0.15406588945627492,7.655240901013494,0.2452356784287912,7.759369366977207
p41-boxing-0021,brics-odroid-002_cam0,0.34517599239939395,0.353910642269215,0.20642111530319185,9.602573997873506,0.2628454598285454,11.204916160610422
p41-boxing-0021,brics-odroid-006_cam0,0.37970709708949213,0.369931968197433,0.16421003286502978,8.523808766003818,0.677811425668837,7.841144347173177
p41-boxing-0021,brics-odroid-007_cam0,0.2439447834059298,0.24348172088045605,0.24228594171901713,2.02692141299889,10.656808125360127,10.71977754570177
p41-boxing-0021,brics-odroid-007_cam1,0.43817654296019687,0.40479486782824387,0.12979146763085705,7.484028714629732,1.2720232436341206,5.357088716495679
p41-boxing-0021,brics-odroid-008_cam0,0.3192602253258758,0.30424480880232074,0.10769817068176113,0.9135779984469804,4.573862937683703,10.365200284838815
p41-boxing-0021,brics-odroid-009_cam1,0.37260223824979405,0.39064429043894144,0.2476805160804272,15.380347321176584,4.163292723300649,8.540677855302524
p41-boxing-0021,brics-odroid-010_cam0,0.16816744931563188,0.16893812893885427,0.09016912632285516,6.602148237663301,2.291994861929992,2.217064824513955
p41-boxing-0021,brics-odroid-010_cam1,0.35322116819099514,0.3182924881169254,0.05922295616486947,18.39951227348067,15.946342348834072,13.41942234196543
p41-boxing-0021,brics-odroid-011_cam0,0.3175553994017358,0.3291413771182484,0.2042015829345045,4.437467530390368,5.87282782521762,17.29550674342821
p41-boxing-0021,brics-odroid-012_cam0,0.47363918480239114,0.43870293740393984,0.15044975482457637,5.255681807908951,2.1609111688397276,10.158075650374945
p41-boxing-0021,brics-odroid-012_cam1,0.24848677065762184,0.2476093193408059,0.1226663642929133,8.240718658682407,2.4291379830543787,3.7505195721614837
p41-boxing-0021,brics-odroid-014_cam1,0.05198149233133898,0.05183368131357371,0.023180165091881023,8.146745498621334,9.205233864521173,8.146745498621334
p41-boxing-0021,brics-odroid-015_cam0,0.04740229779793855,0.04750675885644292,0.04749782606992773,5.491099925017989,3.2193197488293746,2.9969216136534333
p41-boxing-0021,brics-odroid-015_cam1,0.2092531295349164,0.20909482914362212,0.10551360166830112,10.166450350733399,5.295232886532024,0.1598740221946892
p41-boxing-0021,brics-odroid-016_cam0,0.11666138387910828,0.1215386543644148,0.10225227618893508,0.023797813191195113,5.225212435111804,10.749809352883473
p41-boxing-0021,brics-odroid-017_cam0,0.22650553207838,0.23988619417012338,0.1792526257921094,7.434500157569497,1.2693665494473745,10.791651520098922
p41-boxing-0021,brics-odroid-017_cam1,0.4447900246976124,0.4427376122785073,0.22395468910066957,5.779364828077035,5.4343134139411395,17.982588684371017
p41-boxing-0021,brics-odroid-019_cam1,0.26544505880439795,0.24595658237852633,0.04923482391397883,7.958135630576449,5.663714110953035,3.3120972037114194
p41-boxing-0021,brics-odroid-020_cam0,0.37236059511259345,0.3758685845726609,0.20249456202105004,13.703643965080442,4.475499935598893,5.739460294956045
p41-boxing-0021,brics-odroid-020_cam1,0.5482102032959872,0.45449573392871256,0.04836033447237872,8.904623398719028,6.674635209071495,4.390057560425042
p41-boxing-0021,brics-odroid-021_cam0,0.8307892385777736,0.652301836180363,0.10186059123227874,10.521915194749406,5.8425733521144245,0.918520861862308
p41-boxing-0021,brics-odroid-021_cam1,0.1775018152604955,0.1726277455378688,0.05969419023665017,15.917745909345719,13.369538942466155,10.7441057069015
p41-boxing-0021,brics-odroid-022_cam0,0.33477965019992234,0.32438037803377784,0.13481017995432334,9.67017011052657,15.566833283965643,9.67017011052657
p41-boxing-0021,brics-odroid-022_cam1,0.9623816217692226,0.7811919878379469,0.20656608922318234,6.043165173806485,15.294307587284647,6.043165173806485
p41-boxing-0021,brics-odroid-023_cam0,0.3642380405115464,0.3151030608730266,0.016776951336262672,7.760792159304321,6.983773136830688,6.200208540349868
p41-boxing-0021,brics-odroid-024_cam0,1.9877238729701936,1.3669092060909025,1.1875213212163978,12.34763078482605,73.61379171861935,28.90419298235645
p41-boxing-0021,brics-odroid-024_cam1,0.8611088276389689,0.6448289479873806,0.05043351435724439,7.554089325951109,5.192755205927849,2.7711058292779676
p41-boxing-0021,brics-odroid-025_cam0,0.10081035005051153,0.1006796871176629,0.04945510748981861,21.119548182543998,19.14430410591024,17.11959797534067
p41-boxing-0021,brics-odroid-025_cam1,0.5166081302923976,0.4681589630119375,0.14446629802145922,4.569215395380591,2.592044270990636,10.290694887479981
p41-boxing-0021,brics-odroid-026_cam0,1.081593927110909,0.7531009295613494,0.038075041004552654,8.885018353598568,7.133584840572932,5.348484862437811
p41-boxing-0021,brics-odroid-026_cam1,0.6661589693750755,0.5457457868656763,0.08582437474214039,9.165977478304056,12.983708826709531,9.165977478304056
p41-boxing-0021,brics-odroid-027_cam0,2.0816321200088534,1.728259590193466,1.3967586694382845,4.391332117191992,126.87365560060167,112.6931821031491
p41-boxing-0021,brics-odroid-027_cam1,0.8686381561911625,0.6256092987249976,0.0008589852655658915,15.36507487632315,15.32871699010758,15.292343485092935
p41-boxing-0021,brics-odroid-028_cam0,0.9638389139764381,0.7166607111657014,0.0832697878185044,11.033126920816267,7.248575083771737,3.3030326205361478
p41-boxing-0021,brics-odroid-029_cam0,1.0582198786991137,0.7540221754456097,0.06164823757508193,6.854910889565037,3.938149307999122,0.9300517450631931
p41-boxing-0021,brics-odroid-029_cam1,0.9187992889149098,0.6691143050564395,0.036026102157369455,1.849052671380471,3.601410204554284,1.849052671380471
p41-boxing-0021,brics-odroid-030_cam0,0.8997580266360204,0.674617723085732,0.06819421666630092,16.531554059106973,19.330679472879638,16.531554059106973
p41-boxing-0021,brics-odroid-030_cam1,0.27184974313685994,0.2549290761539742,0.25355736146370805,16.724143613563747,5.403241897618071,11.05079432626451
p41-plant-0004,brics-odroid-001_cam0,0.17751627110122095,0.16410699887063557,0.15913811882246826,17.375725289600247,10.517672853755883,17.375725289600247
p41-plant-0004,brics-odroid-001_cam1,0.19680416570218864,0.19336480312117663,0.11263623635736031,6.009508761743221,0.5583148137460897,6.009508761743221
p41-plant-0004,brics-odroid-002_cam0,0.25259714945914685,0.25301832271678765,0.1220254177462174,1.1745920643435992,7.547890869623586,1.1745920643435992
p41-plant-0004,brics-odroid-006_cam0,0.1503778215293933,0.15568995015382753,0.15537622517781371,0.194762951166196,8.306037070005035,12.24525555562084
p41-plant-0004,brics-odroid-007_cam0,0.22716820877448496,0.2537660878443522,0.23913749985324365,10.205970649830427,1.257014777582651,14.183349559735836
p41-plant-0004,brics-odroid-007_cam1,0.2025406099692145,0.1864809586586789,0.1739624879770801,7.0997050069028695,1.365056917834964,7.0997050069028695
p41-plant-0004,brics-odroid-008_cam0,0.4472518110609846,0.3767614324962088,0.3503321921649424,4.723276977928587,13.724277462114415,4.723276977928587
p41-plant-0004,brics-odroid-009_cam1,0.31806493605037933,0.37862005667634735,0.365404438782665,17.036169136337122,0.1986666455901983,20.056005558447776
p41-plant-0004,brics-odroid-010_cam0,0.39304277752902395,0.43521815498459465,0.4284760992698659,23.752415209851417,5.216549845173117,5.784461176879285
p41-plant-0004,brics-odroid-010_cam1,0.3675375702333323,0.4236906784229928,0.4174642345148753,10.486297334883343,10.635062005842673,28.494197870326243
p41-plant-0004,brics-odroid-011_cam0,0.16767614170938627,0.16689548820005867,0.16650917052745257,3.593703184319107,4.796383557041914,4.429582016997715
p41-plant-0004,brics-odroid-012_cam0,0.0649992347022915,0.06652225297140696,0.06649773257643887,10.759272563782167,7.741109941431418,5.561951201435904
p41-plant-0004,brics-odroid-012_cam1,0.31327997105484234,0.31130124609846016,0.15304922628585826,11.489746624195266,4.436311612721803,3.1792158520388885
p41-plant-0004,brics-odroid-014_cam1,0.18771714813931964,0.19363611834019812,0.19303334700524913,11.782471208456219,2.81428442421465,0.4068029617119209
p41-plant-0004,brics-odroid-015_cam0,0.20893529869323677,0.21276490375546986,0.08628018481188222,5.38197462309998,1.2081723201678012,5.38197462309998
p41-plant-0004,brics-odroid-015_cam1,0.2675636131893752,0.2700069880632162,0.14686496510838826,18.869300630132475,12.675913589379448,6.00973334784682
p41-plant-0004,brics-odroid-016_cam0,0.2447957300471894,0.25772569593020545,0.07459044294952911,15.904300757167961,11.659306550239231,7.569785226535173
p41-plant-0004,brics-odroid-017_cam0,0.15490290280804958,0.14962719062367455,0.14934865604357936,9.094518189453881,2.0326851967737967,5.280973850838875
p41-plant-0004,brics-odroid-017_cam1,0.1941380520065017,0.18058516321542126,0.16095236705724694,5.6094583977342936,2.3185992643998534,5.6094583977342936
p41-plant-0004,brics-odroid-019_cam1,0.6326091225496127,0.49394991160727186,0.4841459525625097,1.8670279008916182,25.624634948708525,0.910322393351841
p41-plant-0004,brics-odroid-020_cam0,0.5298005438879915,0.45128940555526514,0.44378303160849997,4.701072924961928,31.204092415322332,12.71177112583201
p41-plant-0004,brics-odroid-020_cam1,0.323894104501241,0.28461591164902467,0.2666146256307056,8.147773962108404,5.034256450593041,8.147773962108404
p41-plant-0004,brics-odroid-021_cam0,0.39059288357587546,0.3316162702470835,0.006698663496720275,16.41168231359292,16.13124688524707,15.849870607370473
p41-plant-0004,brics-odroid-021_cam1,0.40848603644624915,0.35226773042550125,0.03322974677609447,6.129628889116565,4.556809910885744,2.957638000318475
p41-plant-0004,brics-odroid-022_cam0,0.18139000964988403,0.19033366315018915,0.14455252254018902,0.8686653460941853,6.574907474750584,14.57740322881984
p41-plant-0004,brics-odroid-022_cam1,0.700225266072283,0.5528465926512387,0.05279218560574282,14.429689837833132,12.1403543889075,9.789770397259815
p41-plant-0004,brics-odroid-023_cam0,0.4051716609273958,0.3489716713394935,0.03023252734470409,4.6902235361248295,3.2384401156704676,1.764542750790847
p41-plant-0004,brics-odroid-024_cam0,0.6330372666911102,0.5534030868482899,0.5396990886680563,11.30941218089505,16.962727373348084,3.558936050135349
p41-plant-0004,brics-odroid-024_cam1,0.4604805384290447,0.5039743236446009,0.34918805222248916,20.02382837699302,4.595095521999458,13.810096354224347
p41-plant-0004,brics-odroid-025_cam0,0.37263868722583926,0.4289304902715101,0.3588771131308913,24.725937947788697,9.754104241266196,8.195591937727716
p41-plant-0004,brics-odroid-025_cam1,0.9459399248927565,0.8458733475826442,0.7988030684377075,27.181285561473185,11.153225843345488,2.3846753573657145
p41-plant-0004,brics-odroid-026_cam0,0.12058608205312989,0.12442406728604007,0.1242637943763843,11.837392802840961,6.178414505486564,3.1298248218644042
p41-plant-0004,brics-odroid-026_cam1,0.5672346846737856,0.47407730964354877,0.06695798370399228,6.3145726544436,3.1237722582943137,0.17570253318556903
p41-plant-0004,brics-odroid-027_cam0,0.8333577634820383,0.6360726466255672,0.06466489435175048,19.328336372712982,16.676460002985895,13.937409922390431
p41-plant-0004,brics-odroid-027_cam1,0.35810922816957047,0.30981109868613343,0.014026119777294038,11.619362793130119,12.237023244683158,11.619362793130119
p41-plant-0004,brics-odroid-028_cam0,0.7217795831219297,0.5490435798179549,0.01350856386308586,3.745920796649503,3.0935831323505676,2.4368244146086515
p41-plant-0004,brics-odroid-029_cam0,0.6335016658963637,0.6032458076747106,0.2662129192851997,11.20868710554086,1.5133013675818534,16.058091930619
p41-plant-0004,brics-odroid-029_cam1,1.6797600923629388,1.309616870853367,0.4675518962745838,9.910256801286843,29.003802421511764,9.910256801286843
p41-plant-0004,brics-odroid-030_cam0,0.3349955078799449,0.32940428629640256,0.15209368867266188,26.78011614624407,20.98316171394099,14.727251613839826
p41-plant-0004,brics-odroid-030_cam1,0.6234504474324942,0.6033777337411288,0.28219129788018976,14.764252159213184,1.755013070885435,13.239781443944832
p44-dog-0004,brics-odroid-001_cam0,0.4729098411222912,0.4234442272757779,0.10859217391016715,18.885178592893354,14.354623944799934,9.571021517480768
p44-dog-0004,brics-odroid-001_cam1,0.29017901778645483,0.2685348729820871,0.05973523583800515,9.889594236305198,7.156790292174008,4.341107824372157
p44-dog-0004,brics-odroid-002_cam0,0.25888669168077644,0.23361997769213574,0.01638797035843166,2.195489702150871,1.3907705582226109,0.5794303198414189
p44-dog-0004,brics-odroid-006_cam0,0.5537980258460524,0.49812061056189866,0.15311948857190646,10.4296427875744,3.288309912898358,4.422392525705867
p44-dog-0004,brics-odroid-007_cam0,0.3281916921055209,0.3267299675163454,0.3238540619881279,7.614675631387915,8.780612282691445,8.778463547431626
p44-dog-0004,brics-odroid-007_cam1,0.39374523433465725,0.38624995790919886,0.17962876056848254,18.02827179182273,10.303525473223889,1.850824444006249
p44-dog-0004,brics-odroid-008_cam0,0.21437508220482432,0.21660881948670763,0.12047842301582012,0.09467531925016616,6.116252994079595,12.713303174653067
p44-dog-0004,brics-odroid-009_cam1,0.4466504286681983,0.3953384039920105,0.3902685925030116,10.276755874585923,9.333087290838984,2.5958652121182793
p44-dog-0004,brics-odroid-010_cam0,0.16575203650670944,0.16976437889856427,0.169357833856323,5.887746522980131,2.449546197425694,5.055579794572235
p44-dog-0004,brics-odroid-010_cam1,0.2873646435204329,0.33853795855570956,0.33474463531749127,12.980124383006297,33.77695946050754,58.40197539373675
p44-dog-0004,brics-odroid-011_cam0,0.4167289830191276,0.4847918381701157,0.3980679409975485,18.9915461607142,0.8850791993821449,21.26842396970455
p44-dog-0004,brics-odroid-012_cam0,0.20719351202884573,0.1978286562887633,0.05427922467706447,11.18594178711463,8.74194803650224,6.2307002320472265
p44-dog-0004,brics-odroid-012_cam1,0.3391627945426868,0.30588144899035796,0.30351861015392523,7.669540892926352,7.588612756375171,2.5901194594642707
p44-dog-0004,brics-odroid-014_cam1,0.3837242996319572,0.35910220586213554,0.35529234421798783,17.60867213379889,1.4039411252217942,7.233893033575827
p44-dog-0004,brics-odroid-015_cam0,0.31193623083639055,0.27312563204884793,0.2714403262765933,16.013175326652046,3.723645041354405,15.439930903013973
p44-dog-0004,brics-odroid-015_cam1,0.5245003099987254,0.46426854327971456,0.45610521384279235,18.885025634880094,2.3094308080837624,8.623900033990623
p44-dog-0004,brics-odroid-016_cam0,0.2805270274406907,0.29618385617171156,0.09006810867515735,5.708300704629982,1.3618901295954655,5.708300704629982
p44-dog-0004,brics-odroid-017_cam0,0.14983697118153214,0.14923734151568238,0.07766169244812256,4.191312842247215,0.3958588297698493,4.191312842247215
p44-dog-0004,brics-odroid-017_cam1,0.20082090968602617,0.20706264725643553,0.2063259889670936,8.867759422709891,1.072993975478714,4.4007295391214925
p44-dog-0004,brics-odroid-019_cam1,0.5543760754643545,0.5123650622673919,0.5014429456443372,3.0574449251451608,33.149037243301386,24.409381342431892
p44-dog-0004,brics-odroid-020_cam0,0.5041259867995384,0.5083185906206525,0.49764892087850465,19.16599861318392,4.225516727768136,6.22741699734743
p44-dog-0004,brics-odroid-020_cam1,0.44652932950399354,0.48479502652713935,0.3313107782584807,10.790466810989521,5.444424828292569,24.633840464251065
p44-dog-0004,brics-odroid-021_cam0,1.6376868346539093,1.2208271887537026,1.0888363460853907,14.00922041723022,58.32559978787807,25.492348272605327
p44-dog-0004,brics-odroid-021_cam1,0.1924491822516657,0.1794511857768807,0.15798325376047556,11.916450749000482,4.660679162221057,11.916450749000482
p44-dog-0004,brics-odroid-022_cam0,0.2666178423044956,0.2663629574149261,0.26479919744939434,8.887156803839058,4.092533853222908,4.300720855408763
p44-dog-0004,brics-odroid-022_cam1,0.388904616198154,0.45407201916050105,0.3856448687570702,19.439435498080893,2.06772156469381,19.049949796489678
p44-dog-0004,brics-odroid-023_cam0,0.2677865069047804,0.24614769945691445,0.04133293211409956,5.676690049786361,3.706794820449967,1.6957593128874207
p44-dog-0004,brics-odroid-024_cam0,1.6701456591647041,1.1295964044762625,1.0230576371203068,17.524791164241897,45.08154323065241,3.426119381742363
p44-dog-0004,brics-odroid-024_cam1,0.4564738386899224,0.45268288124736705,0.22556204840806182,14.348604085603847,4.076748853048211,7.42697199935129
p44-dog-0004,brics-odroid-025_cam0,0.30998547493377493,0.3593304900311662,0.35551341967443806,26.74159232072921,12.323117518273138,2.1813864111299672
p44-dog-0004,brics-odroid-025_cam1,0.5501201080861258,0.5356128195257861,0.25166521750620346,21.020817444828786,10.370237612696632,1.7166048786670163
p44-dog-0004,brics-odroid-026_cam0,1.3288098595351467,0.8778471265329258,0.056247482799282385,0.5455713567133558,3.4141945558198565,6.364661230948365
p44-dog-0004,brics-odroid-026_cam1,0.33171249794188307,0.3578050952236404,0.258496995139138,4.308781324384088,8.973206497416808,24.09874070665044
p44-dog-0004,brics-odroid-027_cam0,0.5660653477708931,0.485376789312164,0.09862136736553376,2.9924221888587,1.9150686701868598,7.070823294548807
p44-dog-0004,brics-odroid-027_cam1,0.6544662078783923,0.5252545821154713,0.05414636747555157,14.083414385044653,16.378798892061493,14.083414385044653
p44-dog-0004,brics-odroid-028_cam0,0.5965486751927366,0.48802022008072826,0.053097497764610084,15.851024119872747,18.968657957955052,22.17018955026264
p44-dog-0004,brics-odroid-029_cam0,0.40560959137889596,0.4818393092871229,0.4727284268290439,10.588802992603004,13.768487847074272,36.46118522637746
p44-dog-0004,brics-odroid-029_cam1,0.6769213653379514,0.6308016970651459,0.259884546984262,14.38825921864052,2.43648868648012,11.183800877646032
p44-dog-0004,brics-odroid-030_cam0,0.3765268202802568,0.38567899749019624,0.22212568688157808,17.63149507503447,7.913712327367427,2.950568121294449
p44-dog-0004,brics-odroid-030_cam1,0.18498439400607272,0.1717233755041754,0.17130262151141193,17.22671625793587,9.805627412485599,16.168496344513088
p52-instrument-0034,brics-odroid-002_cam0,0.264723669837815,0.24221970439968096,0.03470842959000767,4.8373662691557895,6.474754553224815,4.8373662691557895
p52-instrument-0034,brics-odroid-007_cam0,0.30117967717608013,0.28478855063154873,0.2828792313884092,4.8701827625207255,9.68764453367905,4.068960560805453
p52-instrument-0034,brics-odroid-007_cam1,1.2339873327415871,1.010330376395482,0.9323391978149289,14.467045075505444,41.75028137175376,21.057977802068972
p52-instrument-0034,brics-odroid-012_cam1,0.4831255225259581,0.395799709941152,0.005050535523025785,7.50836011147573,7.741632102669313,7.50836011147573
p52-instrument-0034,brics-odroid-015_cam1,0.3582697359880727,0.331778476537552,0.3287681782103648,13.507922221764588,2.0989112586690517,5.016256748813977
p52-instrument-0034,brics-odroid-016_cam0,0.05723537170803256,0.05828930981043481,0.01075636911506489,6.713308091518984,6.140919293058665,5.5716006734023
p52-instrument-0034,brics-odroid-021_cam0,0.8446285522456402,0.7273155091526715,0.2349757851959949,13.181699372110254,2.3049953632365376,9.934355567323705
p52-instrument-0034,brics-odroid-023_cam0,0.49984642599544954,0.4946168476067133,0.24571620480833897,6.907322583682259,5.327804508429101,19.17098863697798
p52-instrument-0034,brics-odroid-024_cam0,0.44235410772724343,0.5752169343609779,0.5598643279680701,6.6668100899056295,24.43509379753542,64.04969585062722
p52-instrument-0034,brics-odroid-025_cam1,0.35646819455554707,0.3659931448867582,0.2141175161697521,2.50054344552427,8.561563660969275,20.878756877272718
p52-instrument-0034,brics-odroid-027_cam0,0.8737243503422952,0.699680798756865,0.14774552520546377,3.0415672409904153,9.958130846850436,3.0415672409904153
p52-instrument-0034,brics-odroid-027_cam1,0.407366455301828,0.3609406303916414,0.06487025106529003,13.459696440082695,16.222561955432003,13.459696440082695
p52-instrument-0034,brics-odroid-028_cam0,0.9498835723152077,0.7315114042022333,0.12655738148060963,9.25106535547641,14.822835180716195,9.25106535547641
p52-instrument-0034,brics-odroid-030_cam0,0.5325797205183425,0.4349473090960215,0.02283503678210841,16.18772680892307,15.225272853166869,14.251766606598318
p52-instrument-0034,brics-odroid-030_cam1,0.41942625086269175,0.41908641180642925,0.20235167064743953,13.314411624528919,4.051571140192892,13.314411624528919
