camera,model,N,n_views,median_rel_err_pct
brics-odroid-001_cam0,anycalib_gen,1,4,16.231369483556218
brics-odroid-001_cam0,anycalib_gen,2,4,16.231369483556218
brics-odroid-001_cam0,anycalib_gen,4,4,16.240593497018494
brics-odroid-001_cam0,anycalib_gen,8,4,16.144627112314303
brics-odroid-001_cam0,geocalib_distorted,1,4,7.323144481256821
brics-odroid-001_cam0,geocalib_distorted,2,4,7.323144481256821
brics-odroid-001_cam0,geocalib_distorted,4,4,7.549956660689014
brics-odroid-001_cam0,geocalib_distorted,8,4,7.535547681931804
brics-odroid-001_cam0,pf_uncentered,1,4,21.854143641302056
brics-odroid-001_cam0,pf_uncentered,2,4,20.74313230121571
brics-odroid-001_cam0,pf_uncentered,4,4,20.097200145434346
brics-odroid-001_cam0,pf_uncentered,8,4,20.81855537225841
brics-odroid-001_cam1,anycalib_gen,1,4,9.02352976616039
brics-odroid-001_cam1,anycalib_gen,2,4,9.02352976616039
brics-odroid-001_cam1,anycalib_gen,4,4,8.812824516831329
brics-odroid-001_cam1,anycalib_gen,8,4,8.772417568659346
brics-odroid-001_cam1,geocalib_distorted,1,4,5.1215758187104505
brics-odroid-001_cam1,geocalib_distorted,2,4,5.1215758187104505
brics-odroid-001_cam1,geocalib_distorted,4,4,4.9720252327946195
brics-odroid-001_cam1,geocalib_distorted,8,4,4.775070722377361
brics-odroid-001_cam1,pf_uncentered,1,4,18.93716170740114
brics-odroid-001_cam1,pf_uncentered,2,4,18.794264602132706
brics-odroid-001_cam1,pf_uncentered,4,4,17.824883415806326
brics-odroid-001_cam1,pf_uncentered,8,4,16.660063424207202
brics-odroid-002_cam0,anycalib_gen,1,5,5.026344333121759
brics-odroid-002_cam0,anycalib_gen,2,5,5.02634433312176
brics-odroid-002_cam0,anycalib_gen,4,5,4.907288079864253
brics-odroid-002_cam0,anycalib_gen,8,5,4.8373662691557895
brics-odroid-002_cam0,geocalib_distorted,1,5,11.007938113281815
brics-odroid-002_cam0,geocalib_distorted,2,5,11.007938113281813
brics-odroid-002_cam0,geocalib_distorted,4,5,11.652089877571823
brics-odroid-002_cam0,geocalib_distorted,8,5,11.204916160610422
brics-odroid-002_cam0,pf_uncentered,1,5,24.195463226157937
brics-odroid-002_cam0,pf_uncentered,2,5,24.195463226157933
brics-odroid-002_cam0,pf_uncentered,4,5,24.227801742268184
brics-odroid-002_cam0,pf_uncentered,8,5,23.54317266736349
brics-odroid-006_cam0,anycalib_gen,1,4,8.183993075061714
brics-odroid-006_cam0,anycalib_gen,2,4,8.183993075061714
brics-odroid-006_cam0,anycalib_gen,4,4,8.29577561526609
brics-odroid-006_cam0,anycalib_gen,8,4,8.154149213522846
brics-odroid-006_cam0,geocalib_distorted,1,4,9.714039379532721
brics-odroid-006_cam0,geocalib_distorted,2,4,8.376596143020377
brics-odroid-006_cam0,geocalib_distorted,4,4,9.132036646745172
brics-odroid-006_cam0,geocalib_distorted,8,4,9.13520675531511
brics-odroid-006_cam0,pf_uncentered,1,4,36.4565438161103
brics-odroid-006_cam0,pf_uncentered,2,4,36.4565438161103
brics-odroid-006_cam0,pf_uncentered,4,4,35.85081966398319
brics-odroid-006_cam0,pf_uncentered,8,4,35.77269155003559
brics-odroid-007_cam0,anycalib_gen,1,5,4.738796131991628
brics-odroid-007_cam0,anycalib_gen,2,5,4.738796131991628
brics-odroid-007_cam0,anycalib_gen,4,5,4.7791781949125935
brics-odroid-007_cam0,anycalib_gen,8,5,4.8701827625207255
brics-odroid-007_cam0,geocalib_distorted,1,5,25.84076489211945
brics-odroid-007_cam0,geocalib_distorted,2,5,25.84076489211945
brics-odroid-007_cam0,geocalib_distorted,4,5,25.116035988051834
brics-odroid-007_cam0,geocalib_distorted,8,5,24.982590739140058
brics-odroid-007_cam0,pf_uncentered,1,5,10.008471616844517
brics-odroid-007_cam0,pf_uncentered,2,5,10.008471616844515
brics-odroid-007_cam0,pf_uncentered,4,5,10.173241047169672
brics-odroid-007_cam0,pf_uncentered,8,5,10.71977754570177
brics-odroid-007_cam1,anycalib_gen,1,5,7.904308559534245
brics-odroid-007_cam1,anycalib_gen,2,5,7.904308559534245
brics-odroid-007_cam1,anycalib_gen,4,5,7.767324318049863
brics-odroid-007_cam1,anycalib_gen,8,5,7.484028714629732
brics-odroid-007_cam1,geocalib_distorted,1,5,26.84686412189842
brics-odroid-007_cam1,geocalib_distorted,2,5,24.580764552262618
brics-odroid-007_cam1,geocalib_distorted,4,5,9.96132152666088
brics-odroid-007_cam1,geocalib_distorted,8,5,10.601099433746546
brics-odroid-007_cam1,pf_uncentered,1,5,20.163165887310683
brics-odroid-007_cam1,pf_uncentered,2,5,20.16316588731068
brics-odroid-007_cam1,pf_uncentered,4,5,20.5612383485376
brics-odroid-007_cam1,pf_uncentered,8,5,21.057977802068972
brics-odroid-008_cam0,anycalib_gen,1,4,1.4034105559877732
brics-odroid-008_cam0,anycalib_gen,2,4,1.1510841147359625
brics-odroid-008_cam0,anycalib_gen,4,4,0.8021929864995259
brics-odroid-008_cam0,anycalib_gen,8,4,0.521327448862594
brics-odroid-008_cam0,geocalib_distorted,1,4,11.685097902463719
brics-odroid-008_cam0,geocalib_distorted,2,4,11.685097902463719
brics-odroid-008_cam0,geocalib_distorted,4,4,11.751987913100614
brics-odroid-008_cam0,geocalib_distorted,8,4,11.539251729745942
brics-odroid-008_cam0,pf_uncentered,1,4,21.73650998619647
brics-odroid-008_cam0,pf_uncentered,2,4,21.73650998619647
brics-odroid-008_cam0,pf_uncentered,4,4,21.46851607279474
brics-odroid-008_cam0,pf_uncentered,8,4,22.097489137469957
brics-odroid-009_cam1,anycalib_gen,1,4,16.08647450699131
brics-odroid-009_cam1,anycalib_gen,2,4,16.08647450699131
brics-odroid-009_cam1,anycalib_gen,4,4,16.151308947223985
brics-odroid-009_cam1,anycalib_gen,8,4,16.208258228756854
brics-odroid-009_cam1,geocalib_distorted,1,4,20.078819200274317
brics-odroid-009_cam1,geocalib_distorted,2,4,20.078819200274317
brics-odroid-009_cam1,geocalib_distorted,4,4,20.33325351433394
brics-odroid-009_cam1,geocalib_distorted,8,4,20.779656619355766
brics-odroid-009_cam1,pf_uncentered,1,4,15.979107040145736
brics-odroid-009_cam1,pf_uncentered,2,4,15.030529562213097
brics-odroid-009_cam1,pf_uncentered,4,4,15.443651491054503
brics-odroid-009_cam1,pf_uncentered,8,4,16.121498073624238
brics-odroid-010_cam0,anycalib_gen,1,4,6.316480214967596
brics-odroid-010_cam0,anycalib_gen,2,4,6.316480214967596
brics-odroid-010_cam0,anycalib_gen,4,4,6.204735102085089
brics-odroid-010_cam0,anycalib_gen,8,4,6.244947380321716
brics-odroid-010_cam0,geocalib_distorted,1,4,14.886977689099464
brics-odroid-010_cam0,geocalib_distorted,2,4,14.886977689099465
brics-odroid-010_cam0,geocalib_distorted,4,4,14.451956800441636
brics-odroid-010_cam0,geocalib_distorted,8,4,14.675416502441877
brics-odroid-010_cam0,pf_uncentered,1,4,9.378903771060756
brics-odroid-010_cam0,pf_uncentered,2,4,9.251930969685816
brics-odroid-010_cam0,pf_uncentered,4,4,8.72610280912035
brics-odroid-010_cam0,pf_uncentered,8,4,8.185948003642547
brics-odroid-010_cam1,anycalib_gen,1,4,12.237820979718276
brics-odroid-010_cam1,anycalib_gen,2,4,12.237820979718276
brics-odroid-010_cam1,anycalib_gen,4,4,12.646712083316022
brics-odroid-010_cam1,anycalib_gen,8,4,13.308897249514702
brics-odroid-010_cam1,geocalib_distorted,1,4,27.764410984148206
brics-odroid-010_cam1,geocalib_distorted,2,4,27.764410984148203
brics-odroid-010_cam1,geocalib_distorted,4,4,25.206211083322863
brics-odroid-010_cam1,geocalib_distorted,8,4,25.079785140711408
brics-odroid-010_cam1,pf_uncentered,1,4,28.879102749165618
brics-odroid-010_cam1,pf_uncentered,2,4,28.879102749165618
brics-odroid-010_cam1,pf_uncentered,4,4,29.696531427085475
brics-odroid-010_cam1,pf_uncentered,8,4,30.36335899740225
brics-odroid-011_cam0,anycalib_gen,1,4,8.594091055389836
brics-odroid-011_cam0,anycalib_gen,2,4,8.594091055389836
brics-odroid-011_cam0,anycalib_gen,4,4,8.511441295306032
brics-odroid-011_cam0,anycalib_gen,8,4,8.49607399279278
brics-odroid-011_cam0,geocalib_distorted,1,4,15.028113963560765
brics-odroid-011_cam0,geocalib_distorted,2,4,15.028113963560765
brics-odroid-011_cam0,geocalib_distorted,4,4,15.366134353194465
brics-odroid-011_cam0,geocalib_distorted,8,4,15.606076476021595
brics-odroid-011_cam0,pf_uncentered,1,4,32.23518687489893
brics-odroid-011_cam0,pf_uncentered,2,4,32.23518687489893
brics-odroid-011_cam0,pf_uncentered,4,4,31.750590609585373
brics-odroid-011_cam0,pf_uncentered,8,4,32.17743739703057
brics-odroid-012_cam0,anycalib_gen,1,4,8.404145417631923
brics-odroid-012_cam0,anycalib_gen,2,4,8.404145417631925
brics-odroid-012_cam0,anycalib_gen,4,4,8.42839708564898
brics-odroid-012_cam0,anycalib_gen,8,4,8.408146110715247
brics-odroid-012_cam0,geocalib_distorted,1,4,6.063462805401319
brics-odroid-012_cam0,geocalib_distorted,2,4,6.06346280540132
brics-odroid-012_cam0,geocalib_distorted,4,4,5.677184434015194
brics-odroid-012_cam0,geocalib_distorted,8,4,5.425785948572534
brics-odroid-012_cam0,pf_uncentered,1,4,26.305876754637673
brics-odroid-012_cam0,pf_uncentered,2,4,26.305876754637676
brics-odroid-012_cam0,pf_uncentered,4,4,26.806092351948983
brics-odroid-012_cam0,pf_uncentered,8,4,27.25765859735152
brics-odroid-012_cam1,anycalib_gen,1,5,8.24374813028468
brics-odroid-012_cam1,anycalib_gen,2,5,8.243748130284677
brics-odroid-012_cam1,anycalib_gen,4,5,8.288808188951117
brics-odroid-012_cam1,anycalib_gen,8,5,8.240718658682407
brics-odroid-012_cam1,geocalib_distorted,1,5,25.687064198606713
brics-odroid-012_cam1,geocalib_distorted,2,5,25.687064198606713
brics-odroid-012_cam1,geocalib_distorted,4,5,10.038842965873746
brics-odroid-012_cam1,geocalib_distorted,8,5,7.974315761534243
brics-odroid-012_cam1,pf_uncentered,1,5,17.5779744690486
brics-odroid-012_cam1,pf_uncentered,2,5,17.5779744690486
brics-odroid-012_cam1,pf_uncentered,4,5,17.039500657141897
brics-odroid-012_cam1,pf_uncentered,8,5,17.53991290385439
brics-odroid-014_cam1,anycalib_gen,1,4,10.414841686502278
brics-odroid-014_cam1,anycalib_gen,2,4,10.414841686502278
brics-odroid-014_cam1,anycalib_gen,4,4,10.74139871400493
brics-odroid-014_cam1,anycalib_gen,8,4,10.917662648983207
brics-odroid-014_cam1,geocalib_distorted,1,4,8.287834952102186
brics-odroid-014_cam1,geocalib_distorted,2,4,8.287834952102186
brics-odroid-014_cam1,geocalib_distorted,4,4,8.469852722118242
brics-odroid-014_cam1,geocalib_distorted,8,4,8.658566018334794
brics-odroid-014_cam1,pf_uncentered,1,4,5.261197390291525
brics-odroid-014_cam1,pf_uncentered,2,4,4.86786834701488
brics-odroid-014_cam1,pf_uncentered,4,4,4.0919948479110335
brics-odroid-014_cam1,pf_uncentered,8,4,3.7212165838571476
brics-odroid-015_cam0,anycalib_gen,1,4,8.184326904550867
brics-odroid-015_cam0,anycalib_gen,2,4,8.184326904550868
brics-odroid-015_cam0,anycalib_gen,4,4,8.239924949658391
brics-odroid-015_cam0,anycalib_gen,8,4,8.198668839932427
brics-odroid-015_cam0,geocalib_distorted,1,4,6.578489974588168
brics-odroid-015_cam0,geocalib_distorted,2,4,6.578489974588168
brics-odroid-015_cam0,geocalib_distorted,4,4,6.379949364322826
brics-odroid-015_cam0,geocalib_distorted,8,4,6.459509600746522
brics-odroid-015_cam0,pf_uncentered,1,4,12.34404910129124
brics-odroid-015_cam0,pf_uncentered,2,4,12.052306485280127
brics-odroid-015_cam0,pf_uncentered,4,4,12.419579003743564
brics-odroid-015_cam0,pf_uncentered,8,4,12.860726630636087
brics-odroid-015_cam1,anycalib_gen,1,5,15.233116646999637
brics-odroid-015_cam1,anycalib_gen,2,5,15.233116646999635
brics-odroid-015_cam1,anycalib_gen,4,5,15.022725315461932
brics-odroid-015_cam1,anycalib_gen,8,5,14.70259678196572
brics-odroid-015_cam1,geocalib_distorted,1,5,6.753021782143579
brics-odroid-015_cam1,geocalib_distorted,2,5,6.753021782143578
brics-odroid-015_cam1,geocalib_distorted,4,5,6.439612180792226
brics-odroid-015_cam1,geocalib_distorted,8,5,6.00973334784682
brics-odroid-015_cam1,pf_uncentered,1,5,6.584828750705656
brics-odroid-015_cam1,pf_uncentered,2,5,6.584828750705656
brics-odroid-015_cam1,pf_uncentered,4,5,6.3037655292394446
brics-odroid-015_cam1,pf_uncentered,8,5,6.279074719950467
brics-odroid-016_cam0,anycalib_gen,1,5,5.4240032239207965
brics-odroid-016_cam0,anycalib_gen,2,5,5.424003223920795
brics-odroid-016_cam0,anycalib_gen,4,5,5.752629503406659
brics-odroid-016_cam0,anycalib_gen,8,5,5.708300704629982
brics-odroid-016_cam0,geocalib_distorted,1,5,7.4245984620469425
brics-odroid-016_cam0,geocalib_distorted,2,5,7.4245984620469425
brics-odroid-016_cam0,geocalib_distorted,4,5,7.458844602824091
brics-odroid-016_cam0,geocalib_distorted,8,5,7.569785226535173
brics-odroid-016_cam0,pf_uncentered,1,5,12.625745330045254
brics-odroid-016_cam0,pf_uncentered,2,5,12.625745330045252
brics-odroid-016_cam0,pf_uncentered,4,5,13.029437823197027
brics-odroid-016_cam0,pf_uncentered,8,5,12.8964282102636
brics-odroid-017_cam0,anycalib_gen,1,4,5.823024955586714
brics-odroid-017_cam0,anycalib_gen,2,4,5.823024955586714
brics-odroid-017_cam0,anycalib_gen,4,4,5.908248129898709
brics-odroid-017_cam0,anycalib_gen,8,4,6.101198208873668
brics-odroid-017_cam0,geocalib_distorted,1,4,7.059260857617944
brics-odroid-017_cam0,geocalib_distorted,2,4,7.059260857617943
brics-odroid-017_cam0,geocalib_distorted,4,4,6.150073476196273
brics-odroid-017_cam0,geocalib_distorted,8,4,4.655898581267046
brics-odroid-017_cam0,pf_uncentered,1,4,13.020239382717111
brics-odroid-017_cam0,pf_uncentered,2,4,13.020239382717111
brics-odroid-017_cam0,pf_uncentered,4,4,11.700316670944972
brics-odroid-017_cam0,pf_uncentered,8,4,10.755883083845635
brics-odroid-017_cam1,anycalib_gen,1,4,7.033664152915774
brics-odroid-017_cam1,anycalib_gen,2,4,7.033664152915775
brics-odroid-017_cam1,anycalib_gen,4,4,7.010563342418672
brics-odroid-017_cam1,anycalib_gen,8,4,7.070483309261203
brics-odroid-017_cam1,geocalib_distorted,1,4,14.622128575255147
brics-odroid-017_cam1,geocalib_distorted,2,4,14.622128575255147
brics-odroid-017_cam1,geocalib_distorted,4,4,14.695943844159679
brics-odroid-017_cam1,geocalib_distorted,8,4,15.040339369796143
brics-odroid-017_cam1,pf_uncentered,1,4,16.22580761572013
brics-odroid-017_cam1,pf_uncentered,2,4,16.22580761572013
brics-odroid-017_cam1,pf_uncentered,4,4,17.104498752458753
brics-odroid-017_cam1,pf_uncentered,8,4,17.085892564118186
brics-odroid-019_cam1,anycalib_gen,1,4,3.535971463325282
brics-odroid-019_cam1,anycalib_gen,2,4,3.5359714633252812
brics-odroid-019_cam1,anycalib_gen,4,4,2.914490666261186
brics-odroid-019_cam1,anycalib_gen,8,4,2.4622364130183896
brics-odroid-019_cam1,geocalib_distorted,1,4,38.52797368549594
brics-odroid-019_cam1,geocalib_distorted,2,4,38.52797368549593
brics-odroid-019_cam1,geocalib_distorted,4,4,39.31333644124564
brics-odroid-019_cam1,geocalib_distorted,8,4,40.44994100332695
brics-odroid-019_cam1,pf_uncentered,1,4,18.08904617430146
brics-odroid-019_cam1,pf_uncentered,2,4,16.330741340816527
brics-odroid-019_cam1,pf_uncentered,4,4,16.779692625857997
brics-odroid-019_cam1,pf_uncentered,8,4,17.516567534361645
brics-odroid-020_cam0,anycalib_gen,1,4,10.603196204615394
brics-odroid-020_cam0,anycalib_gen,2,4,10.603196204615395
brics-odroid-020_cam0,anycalib_gen,4,4,10.54053193596971
brics-odroid-020_cam0,anycalib_gen,8,4,10.406643681401206
brics-odroid-020_cam0,geocalib_distorted,1,4,21.986848381811733
brics-odroid-020_cam0,geocalib_distorted,2,4,20.940670340031
brics-odroid-020_cam0,geocalib_distorted,4,4,20.20081500373346
brics-odroid-020_cam0,geocalib_distorted,8,4,20.06273155036298
brics-odroid-020_cam0,pf_uncentered,1,4,19.06817575688048
brics-odroid-020_cam0,pf_uncentered,2,4,19.06817575688048
brics-odroid-020_cam0,pf_uncentered,4,4,19.168686993225574
brics-odroid-020_cam0,pf_uncentered,8,4,19.19066776153292
brics-odroid-020_cam1,anycalib_gen,1,4,10.134760500524326
brics-odroid-020_cam1,anycalib_gen,2,4,10.134760500524326
brics-odroid-020_cam1,anycalib_gen,4,4,9.952143507645058
brics-odroid-020_cam1,anycalib_gen,8,4,9.847545104854275
brics-odroid-020_cam1,geocalib_distorted,1,4,15.85812633434736
brics-odroid-020_cam1,geocalib_distorted,2,4,15.858126334347359
brics-odroid-020_cam1,geocalib_distorted,4,4,15.492541618724118
brics-odroid-020_cam1,geocalib_distorted,8,4,15.459467456799484
brics-odroid-020_cam1,pf_uncentered,1,4,41.89248288373207
brics-odroid-020_cam1,pf_uncentered,2,4,41.89248288373207
brics-odroid-020_cam1,pf_uncentered,4,4,42.381624462963856
brics-odroid-020_cam1,pf_uncentered,8,4,42.948787555631284
brics-odroid-021_cam0,anycalib_gen,1,5,13.558359757132953
brics-odroid-021_cam0,anycalib_gen,2,5,13.558359757132951
brics-odroid-021_cam0,anycalib_gen,4,5,13.389393660166535
brics-odroid-021_cam0,anycalib_gen,8,5,13.181699372110254
brics-odroid-021_cam0,geocalib_distorted,1,5,16.416443157227587
brics-odroid-021_cam0,geocalib_distorted,2,5,16.38351586149052
brics-odroid-021_cam0,geocalib_distorted,4,5,13.398550243668579
brics-odroid-021_cam0,geocalib_distorted,8,5,12.161074181688491
brics-odroid-021_cam0,pf_uncentered,1,5,70.94577377399906
brics-odroid-021_cam0,pf_uncentered,2,5,70.94577377399906
brics-odroid-021_cam0,pf_uncentered,4,5,71.05594558895783
brics-odroid-021_cam0,pf_uncentered,8,5,71.79391141558357
brics-odroid-021_cam1,anycalib_gen,1,4,13.291956506814238
brics-odroid-021_cam1,anycalib_gen,2,4,13.291956506814238
brics-odroid-021_cam1,anycalib_gen,4,4,13.370138350196655
brics-odroid-021_cam1,anycalib_gen,8,4,13.417383667840621
brics-odroid-021_cam1,geocalib_distorted,1,4,6.824910498458147
brics-odroid-021_cam1,geocalib_distorted,2,4,5.703979371584974
brics-odroid-021_cam1,geocalib_distorted,4,4,5.067057513723485
brics-odroid-021_cam1,geocalib_distorted,8,4,4.370891414450007
brics-odroid-021_cam1,pf_uncentered,1,4,22.9561879218733
brics-odroid-021_cam1,pf_uncentered,2,4,22.9561879218733
brics-odroid-021_cam1,pf_uncentered,4,4,23.349095966850516
brics-odroid-021_cam1,pf_uncentered,8,4,23.634825235633386
brics-odroid-022_cam0,anycalib_gen,1,4,9.042696246611506
brics-odroid-022_cam0,anycalib_gen,2,4,9.042696246611504
brics-odroid-022_cam0,anycalib_gen,4,4,9.166876181504705
brics-odroid-022_cam0,anycalib_gen,8,4,9.147187825124904
brics-odroid-022_cam0,geocalib_distorted,1,4,23.383304404974503
brics-odroid-022_cam0,geocalib_distorted,2,4,20.628597346395445
brics-odroid-022_cam0,geocalib_distorted,4,4,15.920811802218154
brics-odroid-022_cam0,geocalib_distorted,8,4,16.749339785126686
brics-odroid-022_cam0,pf_uncentered,1,4,14.933621040588687
brics-odroid-022_cam0,pf_uncentered,2,4,14.098509023990458
brics-odroid-022_cam0,pf_uncentered,4,4,14.502673861764833
brics-odroid-022_cam0,pf_uncentered,8,4,14.538276525938851
brics-odroid-022_cam1,anycalib_gen,1,4,10.335917460296898
brics-odroid-022_cam1,anycalib_gen,2,4,10.3359174602969
brics-odroid-022_cam1,anycalib_gen,4,4,10.252016590231358
brics-odroid-022_cam1,anycalib_gen,8,4,10.421477946716749
brics-odroid-022_cam1,geocalib_distorted,1,4,23.267764635020892
brics-odroid-022_cam1,geocalib_distorted,2,4,23.26776463502089
brics-odroid-022_cam1,geocalib_distorted,4,4,23.606318889431016
brics-odroid-022_cam1,geocalib_distorted,8,4,21.342258652053964
brics-odroid-022_cam1,pf_uncentered,1,4,48.66860909752049
brics-odroid-022_cam1,pf_uncentered,2,4,48.66860909752049
brics-odroid-022_cam1,pf_uncentered,4,4,47.57845510432986
brics-odroid-022_cam1,pf_uncentered,8,4,46.29625036792109
brics-odroid-023_cam0,anycalib_gen,1,5,6.103154069600999
brics-odroid-023_cam0,anycalib_gen,2,5,6.103154069600998
brics-odroid-023_cam0,anycalib_gen,4,5,5.921998485061976
brics-odroid-023_cam0,anycalib_gen,8,5,5.676690049786361
brics-odroid-023_cam0,geocalib_distorted,1,5,6.40085039344638
brics-odroid-023_cam0,geocalib_distorted,2,5,5.83428453126776
brics-odroid-023_cam0,geocalib_distorted,4,5,5.734793586566149
brics-odroid-023_cam0,geocalib_distorted,8,5,6.200208540349868
brics-odroid-023_cam0,pf_uncentered,1,5,30.924222822233933
brics-odroid-023_cam0,pf_uncentered,2,5,30.924222822233936
brics-odroid-023_cam0,pf_uncentered,4,5,30.059727479135322
brics-odroid-023_cam0,pf_uncentered,8,5,31.19389210934791
brics-odroid-024_cam0,anycalib_gen,1,5,11.90797433594426
brics-odroid-024_cam0,anycalib_gen,2,5,11.90797433594426
brics-odroid-024_cam0,anycalib_gen,4,5,12.166551710104132
brics-odroid-024_cam0,anycalib_gen,8,5,12.218021262526776
brics-odroid-024_cam0,geocalib_distorted,1,5,237.14449235842451
brics-odroid-024_cam0,geocalib_distorted,2,5,237.14449235842451
brics-odroid-024_cam0,geocalib_distorted,4,5,204.52225003397555
brics-odroid-024_cam0,geocalib_distorted,8,5,155.21189316542558
brics-odroid-024_cam0,pf_uncentered,1,5,27.887522655657577
brics-odroid-024_cam0,pf_uncentered,2,5,27.887522655657573
brics-odroid-024_cam0,pf_uncentered,4,5,28.50930013035089
brics-odroid-024_cam0,pf_uncentered,8,5,28.90419298235645
brics-odroid-024_cam1,anycalib_gen,1,4,11.64204207696304
brics-odroid-024_cam1,anycalib_gen,2,4,11.64204207696304
brics-odroid-024_cam1,anycalib_gen,4,4,12.021067834238922
brics-odroid-024_cam1,anycalib_gen,8,4,12.313958703768986
brics-odroid-024_cam1,geocalib_distorted,1,4,15.988352180827958
brics-odroid-024_cam1,geocalib_distorted,2,4,15.98835218082796
brics-odroid-024_cam1,geocalib_distorted,4,4,10.91524263030954
brics-odroid-024_cam1,geocalib_distorted,8,4,6.561271669230453
brics-odroid-024_cam1,pf_uncentered,1,4,51.07631165018992
brics-odroid-024_cam1,pf_uncentered,2,4,51.07631165018992
brics-odroid-024_cam1,pf_uncentered,4,4,51.80341454056798
brics-odroid-024_cam1,pf_uncentered,8,4,53.62299520473803
brics-odroid-025_cam0,anycalib_gen,1,4,25.768135121646246
brics-odroid-025_cam0,anycalib_gen,2,4,25.768135121646246
brics-odroid-025_cam0,anycalib_gen,4,4,25.826240487860424
brics-odroid-025_cam0,anycalib_gen,8,4,25.733765134258952
brics-odroid-025_cam0,geocalib_distorted,1,4,13.34059058958862
brics-odroid-025_cam0,geocalib_distorted,2,4,13.340590589588622
brics-odroid-025_cam0,geocalib_distorted,4,4,13.299227786206632
brics-odroid-025_cam0,geocalib_distorted,8,4,12.657594956534194
brics-odroid-025_cam0,pf_uncentered,1,4,12.597480363901392
brics-odroid-025_cam0,pf_uncentered,2,4,10.883578176690612
brics-odroid-025_cam0,pf_uncentered,4,4,11.490596361832896
brics-odroid-025_cam0,pf_uncentered,8,4,12.95098900406228
brics-odroid-025_cam1,anycalib_gen,1,5,5.851962887571453
brics-odroid-025_cam1,anycalib_gen,2,5,5.726612876846436
brics-odroid-025_cam1,anycalib_gen,4,5,6.2514527030757945
brics-odroid-025_cam1,anycalib_gen,8,5,7.533306855790421
brics-odroid-025_cam1,geocalib_distorted,1,5,20.994660439835197
brics-odroid-025_cam1,geocalib_distorted,2,5,20.9946604398352
brics-odroid-025_cam1,geocalib_distorted,4,5,20.969260727012106
brics-odroid-025_cam1,geocalib_distorted,8,5,20.878756877272718
brics-odroid-025_cam1,pf_uncentered,1,5,36.59271867710143
brics-odroid-025_cam1,pf_uncentered,2,5,36.59271867710144
brics-odroid-025_cam1,pf_uncentered,4,5,34.339458871759724
brics-odroid-025_cam1,pf_uncentered,8,5,34.935532225177255
brics-odroid-026_cam0,anycalib_gen,1,4,7.176487262107717
brics-odroid-026_cam0,anycalib_gen,2,4,7.176487262107717
brics-odroid-026_cam0,anycalib_gen,4,4,7.3491588087448765
brics-odroid-026_cam0,anycalib_gen,8,4,7.333006265658561
brics-odroid-026_cam0,geocalib_distorted,1,4,6.704771010645751
brics-odroid-026_cam0,geocalib_distorted,2,4,5.789621859052309
brics-odroid-026_cam0,geocalib_distorted,4,4,5.699688329312851
brics-odroid-026_cam0,geocalib_distorted,8,4,5.856573046693088
brics-odroid-026_cam0,pf_uncentered,1,4,77.26978607197083
brics-odroid-026_cam0,pf_uncentered,2,4,77.26978607197083
brics-odroid-026_cam0,pf_uncentered,4,4,76.77985343822313
brics-odroid-026_cam0,pf_uncentered,8,4,77.39602087262593
brics-odroid-026_cam1,anycalib_gen,1,4,5.203635404047191
brics-odroid-026_cam1,anycalib_gen,2,4,5.203635404047191
brics-odroid-026_cam1,anycalib_gen,4,4,5.238225487439114
brics-odroid-026_cam1,anycalib_gen,8,4,5.311676989413844
brics-odroid-026_cam1,geocalib_distorted,1,4,35.18442579672163
brics-odroid-026_cam1,geocalib_distorted,2,4,31.959369791049088
brics-odroid-026_cam1,geocalib_distorted,4,4,18.25192773345553
brics-odroid-026_cam1,geocalib_distorted,8,4,20.369861291914248
brics-odroid-026_cam1,pf_uncentered,1,4,46.721381518585616
brics-odroid-026_cam1,pf_uncentered,2,4,46.72138151858561
brics-odroid-026_cam1,pf_uncentered,4,4,46.539881906544935
brics-odroid-026_cam1,pf_uncentered,8,4,47.18873866700509
brics-odroid-027_cam0,anycalib_gen,1,5,3.996730743845392
brics-odroid-027_cam0,anycalib_gen,2,5,3.2375989273147154
brics-odroid-027_cam0,anycalib_gen,4,5,3.20052588761914
brics-odroid-027_cam0,anycalib_gen,8,5,3.0415672409904153
brics-odroid-027_cam0,geocalib_distorted,1,5,12.838624374487669
brics-odroid-027_cam0,geocalib_distorted,2,5,12.81946530639027
brics-odroid-027_cam0,geocalib_distorted,4,5,14.037198968028962
brics-odroid-027_cam0,geocalib_distorted,8,5,13.937409922390431
brics-odroid-027_cam0,pf_uncentered,1,5,61.19258072803019
brics-odroid-027_cam0,pf_uncentered,2,5,61.19258072803019
brics-odroid-027_cam0,pf_uncentered,4,5,60.181476181999315
brics-odroid-027_cam0,pf_uncentered,8,5,59.16272011207708
brics-odroid-027_cam1,anycalib_gen,1,5,13.498860568204098
brics-odroid-027_cam1,anycalib_gen,2,5,13.4988605682041
brics-odroid-027_cam1,anycalib_gen,4,5,13.963435228370688
brics-odroid-027_cam1,anycalib_gen,8,5,14.083414385044653
brics-odroid-027_cam1,geocalib_distorted,1,5,16.32726158602127
brics-odroid-027_cam1,geocalib_distorted,2,5,16.32726158602127
brics-odroid-027_cam1,geocalib_distorted,4,5,17.393577870009633
brics-odroid-027_cam1,geocalib_distorted,8,5,18.612858917927902
brics-odroid-027_cam1,pf_uncentered,1,5,18.51840751546723
brics-odroid-027_cam1,pf_uncentered,2,5,18.518407515467228
brics-odroid-027_cam1,pf_uncentered,4,5,18.864045713680685
brics-odroid-027_cam1,pf_uncentered,8,5,18.799554685555
brics-odroid-028_cam0,anycalib_gen,1,5,10.90360144485226
brics-odroid-028_cam0,anycalib_gen,2,5,10.90360144485226
brics-odroid-028_cam0,anycalib_gen,4,5,10.701576535590407
brics-odroid-028_cam0,anycalib_gen,8,5,10.049055782414788
brics-odroid-028_cam0,geocalib_distorted,1,5,25.933092823953928
brics-odroid-028_cam0,geocalib_distorted,2,5,19.092402261542723
brics-odroid-028_cam0,geocalib_distorted,4,5,18.39451552021402
brics-odroid-028_cam0,geocalib_distorted,8,5,20.052511524560753
brics-odroid-028_cam0,pf_uncentered,1,5,66.49808970013282
brics-odroid-028_cam0,pf_uncentered,2,5,66.49808970013281
brics-odroid-028_cam0,pf_uncentered,4,5,66.22472591059108
brics-odroid-028_cam0,pf_uncentered,8,5,66.67318740542589
brics-odroid-029_cam0,anycalib_gen,1,4,10.809902039965735
brics-odroid-029_cam0,anycalib_gen,2,4,10.809902039965735
brics-odroid-029_cam0,anycalib_gen,4,4,10.884492034501795
brics-odroid-029_cam0,anycalib_gen,8,4,10.898745049071932
brics-odroid-029_cam0,geocalib_distorted,1,4,37.15993463592372
brics-odroid-029_cam0,geocalib_distorted,2,4,30.93576173269347
brics-odroid-029_cam0,geocalib_distorted,4,4,27.193284903031504
brics-odroid-029_cam0,geocalib_distorted,8,4,30.409627258383395
brics-odroid-029_cam0,pf_uncentered,1,4,65.88481596959821
brics-odroid-029_cam0,pf_uncentered,2,4,65.88481596959822
brics-odroid-029_cam0,pf_uncentered,4,4,65.7777443908326
brics-odroid-029_cam0,pf_uncentered,8,4,66.15015319318792
brics-odroid-029_cam1,anycalib_gen,1,4,9.333964710166896
brics-odroid-029_cam1,anycalib_gen,2,4,9.333964710166892
brics-odroid-029_cam1,anycalib_gen,4,4,9.244883320481325
brics-odroid-029_cam1,anycalib_gen,8,4,9.193631297467523
brics-odroid-029_cam1,geocalib_distorted,1,4,21.9131648585183
brics-odroid-029_cam1,geocalib_distorted,2,4,16.217662665964106
brics-odroid-029_cam1,geocalib_distorted,4,4,11.560257105756717
brics-odroid-029_cam1,geocalib_distorted,8,4,8.253141275155803
brics-odroid-029_cam1,pf_uncentered,1,4,73.44011322597021
brics-odroid-029_cam1,pf_uncentered,2,4,73.44011322597021
brics-odroid-029_cam1,pf_uncentered,4,4,75.23998201682916
brics-odroid-029_cam1,pf_uncentered,8,4,76.70897107112717
brics-odroid-030_cam0,anycalib_gen,1,5,17.21047154727983
brics-odroid-030_cam0,anycalib_gen,2,5,17.210471547279834
brics-odroid-030_cam0,anycalib_gen,4,5,17.520412574528862
brics-odroid-030_cam0,anycalib_gen,8,5,17.63149507503447
brics-odroid-030_cam0,geocalib_distorted,1,5,20.56583058900962
brics-odroid-030_cam0,geocalib_distorted,2,5,15.313641797432592
brics-odroid-030_cam0,geocalib_distorted,4,5,15.399593803136778
brics-odroid-030_cam0,geocalib_distorted,8,5,14.727251613839826
brics-odroid-030_cam0,pf_uncentered,1,5,21.83511486827178
brics-odroid-030_cam0,pf_uncentered,2,5,21.83511486827178
brics-odroid-030_cam0,pf_uncentered,4,5,21.165938658625887
brics-odroid-030_cam0,pf_uncentered,8,5,21.132154985722497
brics-odroid-030_cam1,anycalib_gen,1,5,15.64040206964129
brics-odroid-030_cam1,anycalib_gen,2,5,15.640402069641286
brics-odroid-030_cam1,anycalib_gen,4,5,15.151230323876776
brics-odroid-030_cam1,anycalib_gen,8,5,15.300349038320427
brics-odroid-030_cam1,geocalib_distorted,1,5,8.307457461004649
brics-odroid-030_cam1,geocalib_distorted,2,5,8.30745746100465
brics-odroid-030_cam1,geocalib_distorted,4,5,7.680161845030686
brics-odroid-030_cam1,geocalib_distorted,8,5,7.456675101068974
brics-odroid-030_cam1,pf_uncentered,1,5,22.06438220621895
brics-odroid-030_cam1,pf_uncentered,2,5,22.064382206218948
brics-odroid-030_cam1,pf_uncentered,4,5,22.466646392093462
brics-odroid-030_cam1,pf_uncentered,8,5,23.19013005422702
