sequence,camera,frame,hand,n_valid_joints,n_zero_sentinel_joints,n_compared_joints,zero_sentinel_ratio,is_zero_sentinel_view,image_width,image_height,distortion_applied,err_n,err_mean_px,err_median_px,err_p90_px,err_p95_px,err_max_px,err_median_including_sentinel,camera_family,view_class
p36-tea-0010/010,brics-odroid-030_cam1,0,right,21,0,21,0.0,0,1280,720,1,21,847.0476,852.8653,941.0223,961.8856,962.5192,852.8653,brics-odroid-030,bad
p36-tea-0010/010,brics-odroid-030_cam1,17,right,21,0,21,0.0,0,1280,720,1,21,707.1564,717.2533,817.2204,837.4397,840.414,717.2533,brics-odroid-030,bad
p36-tea-0010/010,brics-odroid-020_cam0,17,right,21,0,18,0.0,0,1280,720,1,18,680.0186,695.8143,732.7597,737.7,740.5734,708.6933,brics-odroid-020,bad
p36-tea-0010/010,brics-odroid-001_cam0,102,left,21,0,20,0.0,0,1280,720,1,20,630.545,608.3293,837.5736,868.9527,972.9287,620.9701,brics-odroid-001,bad
p36-tea-0010/010,brics-odroid-020_cam0,0,right,21,0,3,0.0,0,1280,720,1,3,585.5306,582.3517,631.9371,638.1353,644.3335,720.2993,brics-odroid-020,bad
p52-instrument-0034/034,brics-odroid-030_cam1,36,right,21,0,21,0.0,0,1280,720,1,21,573.5985,570.9696,691.7895,698.6254,724.4295,570.9696,brics-odroid-030,bad
p52-instrument-0034/034,brics-odroid-030_cam1,96,right,21,0,21,0.0,0,1280,720,1,21,556.6795,550.086,683.9973,687.8617,723.4807,550.086,brics-odroid-030,bad
p36-tea-0010/010,brics-odroid-020_cam1,0,right,21,0,21,0.0,0,1280,720,1,21,536.4908,540.0443,569.3421,569.9766,573.456,540.0443,brics-odroid-020,bad
p52-instrument-0034/034,brics-odroid-030_cam1,0,right,21,0,21,0.0,0,1280,720,1,21,528.7359,531.137,656.7635,658.7746,695.8229,531.137,brics-odroid-030,bad
p52-instrument-0034/034,brics-odroid-030_cam1,6,right,21,0,21,0.0,0,1280,720,1,21,519.8905,516.7533,648.8431,659.3168,686.783,516.7533,brics-odroid-030,bad
p41-boxing-0021/021,brics-odroid-025_cam0,252,left,21,0,21,0.0,0,1280,720,1,21,509.6302,497.9999,580.1161,603.542,630.9063,497.9999,brics-odroid-025,bad
p44-dog-0004/004,brics-odroid-026_cam0,48,left,21,0,5,0.0,0,1280,720,1,5,481.3752,493.0614,498.32,499.2232,500.1264,501.3255,brics-odroid-026,bad
p36-tea-0010/010,brics-odroid-029_cam0,187,left,21,0,21,0.0,0,1280,720,1,21,487.5148,492.2293,553.9697,569.3135,581.7629,492.2293,brics-odroid-029,bad
p52-instrument-0034/034,brics-odroid-030_cam1,12,right,21,0,21,0.0,0,1280,720,1,21,504.8014,490.1466,630.1132,663.2662,668.1966,490.1466,brics-odroid-030,bad
p36-tea-0010/010,brics-odroid-002_cam0,17,right,21,0,7,0.0,0,1280,720,1,7,465.8948,483.6823,557.6675,566.6504,575.6333,514.0381,brics-odroid-002,bad
p44-dog-0004/004,brics-odroid-026_cam0,32,left,21,0,5,0.0,0,1280,720,1,5,470.6305,480.7804,484.8239,486.0148,487.2057,498.4915,brics-odroid-026,bad
p36-tea-0010/010,brics-odroid-030_cam0,0,right,21,0,21,0.0,0,1280,720,1,21,489.8979,480.1867,552.3109,573.935,574.067,480.1867,brics-odroid-030,bad
p41-boxing-0021/021,brics-odroid-026_cam1,162,left,21,0,21,0.0,0,1280,720,1,21,476.2389,477.1712,507.8849,535.4475,540.1994,477.1712,brics-odroid-026,bad
p41-boxing-0021/021,brics-odroid-026_cam1,162,right,21,0,21,0.0,0,1280,720,1,21,476.3855,472.4212,515.2696,519.3972,519.6442,472.4212,brics-odroid-026,bad
p52-instrument-0034/034,brics-odroid-029_cam0,60,left,21,0,21,0.0,0,1280,720,1,21,468.1122,467.5238,562.9811,584.1511,591.7185,467.5238,brics-odroid-029,bad
p52-instrument-0034/034,brics-odroid-029_cam0,54,right,21,0,21,0.0,0,1280,720,1,21,463.686,466.3657,474.524,486.2723,486.6316,466.3657,brics-odroid-029,bad
p44-dog-0004/004,brics-odroid-026_cam0,224,left,21,0,7,0.0,0,1280,720,1,7,473.3984,465.7213,497.5779,498.6339,499.6899,504.3446,brics-odroid-026,bad
p44-dog-0004/004,brics-odroid-026_cam0,16,left,21,0,7,0.0,0,1280,720,1,7,471.6043,465.6434,488.4383,488.9873,489.5364,492.4514,brics-odroid-026,bad
p44-dog-0004/004,brics-odroid-030_cam1,112,right,21,0,21,0.0,0,1280,720,1,21,452.4792,463.2026,580.4178,585.4896,639.7843,463.2026,brics-odroid-030,bad
p44-dog-0004/004,brics-odroid-026_cam0,240,left,21,0,8,0.0,0,1280,720,1,8,462.9058,462.6248,480.9874,482.549,484.1106,482.9927,brics-odroid-026,bad
p52-instrument-0034/034,brics-odroid-029_cam0,78,right,21,0,21,0.0,0,1280,720,1,21,457.2757,460.8236,467.8596,469.5272,478.5129,460.8236,brics-odroid-029,bad
p52-instrument-0034/034,brics-odroid-029_cam0,54,left,21,0,21,0.0,0,1280,720,1,21,455.1588,460.7092,578.3198,609.0646,631.7661,460.7092,brics-odroid-029,bad
p44-dog-0004/004,brics-odroid-026_cam0,0,left,21,0,6,0.0,0,1280,720,1,6,453.6556,456.4585,476.6684,479.1415,481.6146,492.8291,brics-odroid-026,bad
p44-dog-0004/004,brics-odroid-026_cam0,304,left,21,0,11,0.0,0,1280,720,1,11,456.7373,455.6279,466.5772,467.2143,467.8514,467.8514,brics-odroid-026,bad
p41-boxing-0021/021,brics-odroid-028_cam0,162,left,21,0,7,0.0,0,1280,720,1,7,444.1387,454.4875,475.4018,483.5337,491.6656,482.8444,brics-odroid-028,bad
p44-dog-0004/004,brics-odroid-026_cam0,272,left,21,0,10,0.0,0,1280,720,1,10,452.6956,453.3212,461.5037,462.7641,464.0244,463.0256,brics-odroid-026,bad
p41-boxing-0021/021,brics-odroid-026_cam1,252,left,21,0,21,0.0,0,1280,720,1,21,450.9908,451.4813,465.147,468.5528,483.4734,451.4813,brics-odroid-026,bad
p44-dog-0004/004,brics-odroid-030_cam1,96,left,21,0,21,0.0,0,1280,720,1,21,443.7628,449.3344,544.0468,581.6624,659.5435,449.3344,brics-odroid-030,bad
p52-instrument-0034/034,brics-odroid-029_cam0,108,right,21,0,21,0.0,0,1280,720,1,21,445.3691,446.2303,467.9076,472.017,479.2159,446.2303,brics-odroid-029,bad
p52-instrument-0034/034,brics-odroid-029_cam0,30,right,21,0,21,0.0,0,1280,720,1,21,440.6611,445.9412,452.5056,454.4636,454.7184,445.9412,brics-odroid-029,bad
p52-instrument-0034/034,brics-odroid-029_cam0,102,right,21,0,21,0.0,0,1280,720,1,21,444.6516,445.2927,465.3019,471.8256,474.016,445.2927,brics-odroid-029,bad
p52-instrument-0034/034,brics-odroid-029_cam0,72,right,21,0,21,0.0,0,1280,720,1,21,440.6298,445.1141,454.8129,457.6229,470.3021,445.1141,brics-odroid-029,bad
p52-instrument-0034/034,brics-odroid-029_cam0,90,right,21,0,21,0.0,0,1280,720,1,21,446.0933,444.8273,461.8882,463.8045,478.2809,444.8273,brics-odroid-029,bad
p52-instrument-0034/034,brics-odroid-029_cam0,84,right,21,0,21,0.0,0,1280,720,1,21,444.2124,444.7869,459.7242,460.3525,467.3929,444.7869,brics-odroid-029,bad
p52-instrument-0034/034,brics-odroid-029_cam0,96,right,21,0,21,0.0,0,1280,720,1,21,441.9701,444.3482,458.4404,458.4675,461.0574,444.3482,brics-odroid-029,bad
p52-instrument-0034/034,brics-odroid-029_cam0,84,left,21,0,21,0.0,0,1280,720,1,21,442.0712,441.592,568.1482,573.8708,575.2438,441.592,brics-odroid-029,bad
p41-boxing-0021/021,brics-odroid-026_cam1,252,right,21,0,21,0.0,0,1280,720,1,21,449.3736,441.1742,484.858,497.9427,514.0202,441.1742,brics-odroid-026,bad
p52-instrument-0034/034,brics-odroid-029_cam0,24,left,21,0,21,0.0,0,1280,720,1,21,449.8163,440.9124,540.9067,551.1513,579.2507,440.9124,brics-odroid-029,bad
p41-boxing-0021/021,brics-odroid-029_cam1,252,left,21,0,21,0.0,0,1280,720,1,21,439.9497,440.5188,497.1948,515.9783,521.7544,440.5188,brics-odroid-029,bad
p41-boxing-0021/021,brics-odroid-029_cam1,252,right,21,0,21,0.0,0,1280,720,1,21,441.5121,438.6061,526.3298,526.5824,531.1747,438.6061,brics-odroid-029,bad
p52-instrument-0034/034,brics-odroid-029_cam0,78,left,21,0,21,0.0,0,1280,720,1,21,448.1113,433.4049,577.9009,583.2271,591.7403,433.4049,brics-odroid-029,bad
p52-instrument-0034/034,brics-odroid-029_cam0,90,left,21,0,21,0.0,0,1280,720,1,21,437.8544,431.0469,549.7927,555.3647,556.0648,431.0469,brics-odroid-029,bad
p52-instrument-0034/034,brics-odroid-029_cam0,66,left,21,0,21,0.0,0,1280,720,1,21,439.8993,429.8895,558.7795,588.0986,597.4273,429.8895,brics-odroid-029,bad
p41-boxing-0021/021,brics-odroid-029_cam0,126,right,21,0,21,0.0,0,1280,720,1,21,429.0315,429.7577,447.7187,452.3605,458.6461,429.7577,brics-odroid-029,bad
p41-boxing-0021/021,brics-odroid-029_cam0,126,left,21,0,21,0.0,0,1280,720,1,21,427.6142,429.5679,455.9658,456.0205,456.9211,429.5679,brics-odroid-029,bad
